Ac_no  ,client, Open_date , First_name, middle_name, Last_name, ssn      , Addl_1      , Addl_2   , City        , State, Zipcode, record_type, match_code, match_score, consumer_id, consumer_type, notification_no, notice_type, case_no , chapter, original chapter, date_filed, conversion_date, status, Status_date, PD_ssn   , PD_First_Name, PD_middle_Name, PD_lastt_Name, PD_suffix, PD_AKA, PD_AKA2, PD_DBA, PD_DBA2, PD_Addl_1      , PD_Addl_2, PD_City        , PD_State, PD_Zipcode, PD_phone, SD_ssn, SD_First_Name, SD_middle_Name, SD_lastt_Name, SD_suffix, SD_AKA, SD_AKA2, SD_DBA, SD_DBA2, SD_Addl_1, SD_Addl_2, SD_City, SD_State, SD_Zipcode, SD_phone, Judge_name        , prose_indicator, Attorny_ssn, Attorny_First_Name, Attorny_middle_Name, Attorny_lastt_Name, Attorny_suffix, Attorny_AKA, Attorny_AKA2, Attorny_DBA, Attorny_DBA2, Attorny_Addl_1, Attorny_Addl_2, Attorny_City, Attorny_State, Attorny_Zipcode, Attorny_phone,creditor_meeting_date,creditor_meeting_time,creditor_Addl_1,creditor_Addl_2,creditor_City     ,creditor_State,creditor_Zipcode,creditor_phone, trustee_name, Trustee_Addl_1 , Trustee_Addl_2, Trustee_City, Trustee_State, Trustee_Zipcode, Trustee_phone, Court_id, court_district  , Court_Addl_1, Court_Addl_2, Court_City, Court_State, Court_Zipcode, Court_phone, confirmation_date, Asset_indicator, Before_open, SASF    , Active_Status, Disposition_text, POC_bar_date, 
1000001,DM, 2015-04-12, Michael   , J          , Smith    ,492671845, 9384 Main St, Suite 200, Chicago     , IL   ,38472, New        , M1        ,95, CID-482910 , Corporate    , NOTIF-1001     , Bankruptcy , 23-58291,13,7, 2022-08-15,                , Active, 2022-08-15 ,938471029, Primary      , D             , Debtor       ,          ,       ,        ,       ,        , 123 Debtor Lane,          , Bankruptcy City, TX      ,77001, 555-0100,       ,              ,               ,              ,          ,       ,        ,       ,        ,          ,          ,        ,         ,           ,         , Hon. Sarah Justice, N              ,582910384, Counselor         , L                  , Lawyer            , Esq           ,            ,             ,            ,             , 456 Law Plaza , Ste 10        , Legal Center, DC           ,20001, 555-9000     ,2022-09-14, 10:00 AM, Federal Building, Rm 302    , District City, TX       ,77002, 555-4444 , Trustee Tom , 789 Trustee Way,               , Admin Town  , TX           ,77003, 555-8888     , TXEB    , Eastern District, 200 Court St,             , Marshall  , TX         ,75670, 555-7777   ,                  , N              , N          , Standard, Open         , Case in Progress,2022-09-14, 
1000002,FD, 2012-11-30, Robert    , M          , Brown    ,592830174, 2847 Main St,          , Houston     , TX   ,75829, New        , M1        ,88, CID-192837 , Individual   , NOTIF-1002     , Bankruptcy , 22-10293,7,13, 2021-05-20,                , Active, 2021-05-20 ,102938475, Primary      , D             , Debtor       ,          ,       ,        ,       ,        , 123 Debtor Lane,          , Bankruptcy City, TX      ,77001, 555-0100,       ,              ,               ,              ,          ,       ,        ,       ,        ,          ,          ,        ,         ,           ,         , Hon. Sarah Justice, N              ,293847561, Counselor         , L                  , Lawyer            , Esq           ,            ,             ,            ,             , 456 Law Plaza , Ste 10        , Legal Center, DC           ,20001, 555-9000     ,2021-06-19, 10:00 AM, Federal Building, Rm 302    , District City, TX       ,77002, 555-4444 , Trustee Tom , 789 Trustee Way,               , Admin Town  , TX           ,77003, 555-8888     , TXEB    , Eastern District, 200 Court St,             , Marshall  , TX         ,75670, 555-7777   ,                  , N              , N          , Standard, Open         , Case in Progress,2021-06-19, 
1000003,GECOM, 2018-02-14, Patricia  , A          , Davis    ,601928374, 1029 Main St, Apt 1    , New York    , NY   ,10001, New        , M1        ,92, CID-573829 , SME          , NOTIF-1003     , Bankruptcy , 23-48291,11,7, 2023-01-10,                , Active, 2023-01-10 ,482910573, Primary      , D             , Debtor       ,          ,       ,        ,       ,        , 123 Debtor Lane,          , Bankruptcy City, TX      ,77001, 555-0100,       ,              ,               ,              ,          ,       ,        ,       ,        ,          ,          ,        ,         ,           ,         , Hon. Sarah Justice, N              ,192837465, Counselor         , L                  , Lawyer            , Esq           ,            ,             ,            ,             , 456 Law Plaza , Ste 10        , Legal Center, DC           ,20001, 555-9000     ,2023-02-09, 10:00 AM, Federal Building, Rm 302    , District City, TX       ,77002, 555-4444 , Trustee Tom , 789 Trustee Way,               , Admin Town  , TX           ,77003, 555-8888     , TXEB    , Eastern District, 200 Court St,             , Marshall  , TX         ,75670, 555-7777   ,                  , N              , N          , Standard, Open         , Case in Progress,2023-02-09, 
1000004,VP, 2010-06-25, John      , K          , Miller   ,394857261, 5738 Main St,          , Phoenix     , AZ   ,85001, New        , M1        ,85, CID-839201 , Individual   , NOTIF-1004     , Bankruptcy , 22-57382,13,11, 2021-09-05,                , Active, 2021-09-05 ,573829104, Primary      , D             , Debtor       ,          ,       ,        ,       ,        , 123 Debtor Lane,          , Bankruptcy City, TX      ,77001, 555-0100,       ,              ,               ,              ,          ,       ,        ,       ,        ,          ,          ,        ,         ,           ,         , Hon. Sarah Justice, N              ,384756291, Counselor         , L                  , Lawyer            , Esq           ,            ,             ,            ,             , 456 Law Plaza , Ste 10        , Legal Center, DC           ,20001, 555-9000     ,2021-10-05, 10:00 AM, Federal Building, Rm 302    , District City, TX       ,77002, 555-4444 , Trustee Tom , 789 Trustee Way,               , Admin Town  , TX           ,77003, 555-8888     , TXEB    , Eastern District, 200 Court St,             , Marshall  , TX         ,75670, 555-7777   ,                  , N              , N          , Standard, Open         , Case in Progress,2021-10-05, 
1000005,DM, 2019-09-18, Jane      , L          , Garcia   ,293847561, 4829 Main St, Suite 200, Los Angeles , CA   ,90001, New        , M1        ,99, CID-203948 , Corporate    , NOTIF-1005     , Bankruptcy , 23-19283,7,7, 2022-03-15,                , Active, 2022-03-15 ,203948576, Primary      , D             , Debtor       ,          ,       ,        ,       ,        , 123 Debtor Lane,          , Bankruptcy City, TX      ,77001, 555-0100,       ,              ,               ,              ,          ,       ,        ,       ,        ,          ,          ,        ,         ,           ,         , Hon. Sarah Justice, N              ,475869203, Counselor         , L                  , Lawyer            , Esq           ,            ,             ,            ,             , 456 Law Plaza , Ste 10        , Legal Center, DC           ,20001, 555-9000     ,2022-04-14, 10:00 AM, Federal Building, Rm 302    , District City, TX       ,77002, 555-4444 , Trustee Tom , 789 Trustee Way,               , Admin Town  , TX           ,77003, 555-8888     , TXEB    , Eastern District, 200 Court St,             , Marshall  , TX         ,75670, 555-7777   ,                  , N              , N          , Standard, Open         , Case in Progress,2022-04-14, 
1000006,FD, 2014-01-05, Mary      , E          , Johnson  ,102938475, 2938 Main St,          , Chicago     , IL   ,60601, New        , M1        ,91, CID-657483 , SME          , NOTIF-1006     , Bankruptcy , 22-38475,11,13, 2021-12-20,                , Active, 2021-12-20 ,384756192, Primary      , D             , Debtor       ,          ,       ,        ,       ,        , 123 Debtor Lane,          , Bankruptcy City, TX      ,77001, 555-0100,       ,              ,               ,              ,          ,       ,        ,       ,        ,          ,          ,        ,         ,           ,         , Hon. Sarah Justice, N              ,574839201, Counselor         , L                  , Lawyer            , Esq           ,            ,             ,            ,             , 456 Law Plaza , Ste 10        , Legal Center, DC           ,20001, 555-9000     ,2022-01-19, 10:00 AM, Federal Building, Rm 302    , District City, TX       ,77002, 555-4444 , Trustee Tom , 789 Trustee Way,               , Admin Town  , TX           ,77003, 555-8888     , TXEB    , Eastern District, 200 Court St,             , Marshall  , TX         ,75670, 555-7777   ,                  , N              , N          , Standard, Open         , Case in Progress,2022-01-19, 
1000007,GECOM, 2016-08-22, Robert    , P          , Smith    ,583920174, 1928 Main St, Apt 1    , Houston     , TX   ,77002, New        , M1        ,87, CID-102938 , Individual   , NOTIF-1007     , Bankruptcy , 23-57483,13,7, 2022-07-01,                , Active, 2022-07-01 ,574839201, Primary      , D             , Debtor       ,          ,       ,        ,       ,        , 123 Debtor Lane,          , Bankruptcy City, TX      ,77001, 555-0100,       ,              ,               ,              ,          ,       ,        ,       ,        ,          ,          ,        ,         ,           ,         , Hon. Sarah Justice, N              ,293847102, Counselor         , L                  , Lawyer            , Esq           ,            ,             ,            ,             , 456 Law Plaza , Ste 10        , Legal Center, DC           ,20001, 555-9000     ,2022-07-31, 10:00 AM, Federal Building, Rm 302    , District City, TX       ,77002, 555-4444 , Trustee Tom , 789 Trustee Way,               , Admin Town  , TX           ,77003, 555-8888     , TXEB    , Eastern District, 200 Court St,             , Marshall  , TX         ,75670, 555-7777   ,                  , N              , N          , Standard, Open         , Case in Progress,2022-07-31, 
1000008,VP, 2011-03-10, Michael   , R          , Davis    ,475869203, 3847 Main St,          , New York    , NY   ,10010, New        , M1        ,94, CID-485920 , Corporate    , NOTIF-1008     , Bankruptcy , 22-19283,7,11, 2021-11-15,                , Active, 2021-11-15 ,192837465, Primary      , D             , Debtor       ,          ,       ,        ,       ,        , 123 Debtor Lane,          , Bankruptcy City, TX      ,77001, 555-0100,       ,              ,               ,              ,          ,       ,        ,       ,        ,          ,          ,        ,         ,           ,         , Hon. Sarah Justice, N              ,384756291, Counselor         , L                  , Lawyer            , Esq           ,            ,             ,            ,             , 456 Law Plaza , Ste 10        , Legal Center, DC           ,20001, 555-9000     ,2021-12-15, 10:00 AM, Federal Building, Rm 302    , District City, TX       ,77002, 555-4444 , Trustee Tom , 789 Trustee Way,               , Admin Town  , TX           ,77003, 555-8888     , TXEB    , Eastern District, 200 Court St,             , Marshall  , TX         ,75670, 555-7777   ,                  , N              , N          , Standard, Open         , Case in Progress,2021-12-15, 
1000009,DM, 2017-12-05, Patricia  , S          , Brown    ,203948576, 4758 Main St, Suite 200, Phoenix     , AZ   ,85002, New        , M1        ,96, CID-293847 , SME          , NOTIF-1009     , Bankruptcy , 23-38475,11,13, 2022-10-25,                , Active, 2022-10-25 ,384756291, Primary      , D             , Debtor       ,          ,       ,        ,       ,        , 123 Debtor Lane,          , Bankruptcy City, TX      ,77001, 555-0100,       ,              ,               ,              ,          ,       ,        ,       ,        ,          ,          ,        ,         ,           ,         , Hon. Sarah Justice, N              ,574839102, Counselor         , L                  , Lawyer            , Esq           ,            ,             ,            ,             , 456 Law Plaza , Ste 10        , Legal Center, DC           ,20001, 555-9000     ,2022-11-24, 10:00 AM, Federal Building, Rm 302    , District City, TX       ,77002, 555-4444 , Trustee Tom , 789 Trustee Way,               , Admin Town  , TX           ,77003, 555-8888     , TXEB    , Eastern District, 200 Court St,             , Marshall  , TX         ,75670, 555-7777   ,                  , N              , N          , Standard, Open         , Case in Progress,2022-11-24, 
1000010,FD, 2013-05-28, John      , T          , Garcia   ,384756192, 5748 Main St,          , Los Angeles , CA   ,90002, New        , M1        ,89, CID-584739 , Individual   , NOTIF-1010     , Bankruptcy , 22-57483,13,7, 2021-08-08,                , Active, 2021-08-08 ,574839102, Primary      , D             , Debtor       ,          ,       ,        ,       ,        , 123 Debtor Lane,          , Bankruptcy City, TX      ,77001, 555-0100,       ,              ,               ,              ,          ,       ,        ,       ,        ,          ,          ,        ,         ,           ,         , Hon. Sarah Justice, N              ,102938475, Counselor         , L                  , Lawyer            , Esq           ,            ,             ,            ,             , 456 Law Plaza , Ste 10        , Legal Center, DC           ,20001, 555-9000     ,2021-09-07, 10:00 AM, Federal Building, Rm 302    , District City, TX       ,77002, 555-4444 , Trustee Tom , 789 Trustee Way,               , Admin Town  , TX           ,77003, 555-8888     , TXEB    , Eastern District, 200 Court St,             , Marshall  , TX         ,75670, 555-7777   ,                  , N              , N          , Standard, Open         , Case in Progress,2021-09-07, 
1000011,GECOM,2012-03-09,Jane,S,Miller,713028762,5100 Main St,Apt 395,Dallas,WA,86654,New,M1,84,CID-347276,SME,NOTIF-1011,Bankruptcy,25-99754,7,13,2023-03-24,,Closed,2024-10-31,682796366,Jane,T,Johnson,,,,,,123 Debtor Lane,,Bankruptcy City,TX,77001,555-0100,,,,,,,,,,,,,,,,Hon. Sarah Justice,N,199741208,William,K,Smith,Esq,,,,,456 Law Plaza,Ste 10,Legal Center,DC,20001,555-9000,2021-07-20,10:00 AM,Federal Building,Rm 302,District City,TX,77002,555-4444,Trustee Tom,789 Trustee Way,,Admin Town,TX,77003,555-8888,TXEB,Eastern District,200 Court St,,Marshall,TX,75670,555-7777,,N,N,Standard,Closed,Case Closed,2021-07-20,
1000012,VP,2017-10-28,Linda,L,Davis,454248637,2731 Main St,Apt 82,Phoenix,AZ,52116,Update,M1,93,CID-164976,Corporate,NOTIF-1012,Bankruptcy,22-98894,11,13,2021-11-01,,Pending,2022-09-09,494729549,John,L,Anderson,,,,,,123 Debtor Lane,,Bankruptcy City,TX,77001,555-0100,,,,,,,,,,,,,,,,Hon. Sarah Justice,N,464107090,Robert,S,Davis,Esq,,,,,456 Law Plaza,Ste 10,Legal Center,DC,20001,555-9000,2023-12-06,10:00 AM,Federal Building,Rm 302,District City,TX,77002,555-4444,Trustee Tom,789 Trustee Way,,Admin Town,TX,77003,555-8888,TXEB,Eastern District,200 Court St,,Marshall,TX,75670,555-7777,,N,N,Standard,Closed,Case Dismissed,2023-12-06,
1000013,DM,2020-05-04,Jane,M,Taylor,151095109,4412 Main St,Apt 833,Dallas,NY,81396,Existing,M1,85,CID-893648,SME,NOTIF-1013,Bankruptcy,23-36479,11,11,2024-08-25,,Pending,2021-06-22,680455946,Richard,J,Thomas,,,,,,123 Debtor Lane,,Bankruptcy City,TX,77001,555-0100,,,,,,,,,,,,,,,,Hon. Sarah Justice,N,542367381,John,A,Anderson,Esq,,,,,456 Law Plaza,Ste 10,Legal Center,DC,20001,555-9000,2022-12-20,10:00 AM,Federal Building,Rm 302,District City,TX,77002,555-4444,Trustee Tom,789 Trustee Way,,Admin Town,TX,77003,555-8888,TXEB,Eastern District,200 Court St,,Marshall,TX,75670,555-7777,,N,N,Standard,Open,Case Dismissed,2022-12-20,
1000014,FD,2020-05-13,John,K,Miller,624525510,8784 Main St,Suite 600,New York,WA,96476,Existing,M1,89,CID-664872,SME,NOTIF-1014,Bankruptcy,20-66603,11,13,2023-04-10,,Closed,2021-04-30,935019946,Robert,T,Anderson,,,,,,123 Debtor Lane,,Bankruptcy City,TX,77001,555-0100,,,,,,,,,,,,,,,,Hon. Sarah Justice,N,974751853,Michael,E,Smith,Esq,,,,,456 Law Plaza,Ste 10,Legal Center,DC,20001,555-9000,2024-07-28,10:00 AM,Federal Building,Rm 302,District City,TX,77002,555-4444,Trustee Tom,789 Trustee Way,,Admin Town,TX,77003,555-8888,TXEB,Eastern District,200 Court St,,Marshall,TX,75670,555-7777,,N,N,Standard,Open,Case Dismissed,2024-07-28,
1000015,GECOM,2012-08-15,Jennifer,J,Thomas,918879815,3286 Main St,Apt 384,San Jose,CA,36789,New,M1,85,CID-936600,SME,NOTIF-1015,Bankruptcy,20-89247,13,11,2024-03-20,,Pending,2023-07-13,187260507,Michael,J,Martinez,,,,,,123 Debtor Lane,,Bankruptcy City,TX,77001,555-0100,,,,,,,,,,,,,,,,Hon. Sarah Justice,N,110698789,William,K,Brown,Esq,,,,,456 Law Plaza,Ste 10,Legal Center,DC,20001,555-9000,2021-04-28,10:00 AM,Federal Building,Rm 302,District City,TX,77002,555-4444,Trustee Tom,789 Trustee Way,,Admin Town,TX,77003,555-8888,TXEB,Eastern District,200 Court St,,Marshall,TX,75670,555-7777,,N,N,Standard,Closed,Case Dismissed,2021-04-28,
1000016,VP,2020-03-01,Patricia,E,Anderson,547994372,1464 Main St,Apt 85,Los Angeles,IL,10243,Update,M1,89,CID-782603,SME,NOTIF-1016,Bankruptcy,24-67817,11,11,2020-03-07,,Pending,2023-07-30,342208700,Jane,K,Johnson,,,,,,123 Debtor Lane,,Bankruptcy City,TX,77001,555-0100,,,,,,,,,,,,,,,,Hon. Sarah Justice,N,464626367,Linda,R,Davis,Esq,,,,,456 Law Plaza,Ste 10,Legal Center,DC,20001,555-9000,2022-07-14,10:00 AM,Federal Building,Rm 302,District City,TX,77002,555-4444,Trustee Tom,789 Trustee Way,,Admin Town,TX,77003,555-8888,TXEB,Eastern District,200 Court St,,Marshall,TX,75670,555-7777,,N,N,Standard,Open,Case in Progress,2022-07-14,
1000017,DM,2010-01-21,Robert,T,Smith,263784232,8574 Main St,Apt 225,Dallas,CA,65572,Existing,M1,86,CID-333608,Corporate,NOTIF-1017,Bankruptcy,24-77392,13,7,2020-10-04,,Closed,2020-03-10,887326353,Jane,L,Smith,,,,,,123 Debtor Lane,,Bankruptcy City,TX,77001,555-0100,,,,,,,,,,,,,,,,Hon. Sarah Justice,N,950866500,Patricia,E,Smith,Esq,,,,,456 Law Plaza,Ste 10,Legal Center,DC,20001,555-9000,2020-10-03,10:00 AM,Federal Building,Rm 302,District City,TX,77002,555-4444,Trustee Tom,789 Trustee Way,,Admin Town,TX,77003,555-8888,TXEB,Eastern District,200 Court St,,Marshall,TX,75670,555-7777,,N,N,Standard,Closed,Case Dismissed,2020-10-03,
1000018,FD,2017-05-22,Patricia,R,Anderson,837475742,4766 Main St,Apt 707,San Jose,AZ,64878,Update,M1,81,CID-812313,Individual,NOTIF-1018,Bankruptcy,20-98832,11,13,2020-09-24,,Pending,2024-12-22,218602285,Michael,J,Brown,,,,,,123 Debtor Lane,,Bankruptcy City,TX,77001,555-0100,,,,,,,,,,,,,,,,Hon. Sarah Justice,N,161381375,Linda,T,Smith,Esq,,,,,456 Law Plaza,Ste 10,Legal Center,DC,20001,555-9000,2022-01-23,10:00 AM,Federal Building,Rm 302,District City,TX,77002,555-4444,Trustee Tom,789 Trustee Way,,Admin Town,TX,77003,555-8888,TXEB,Eastern District,200 Court St,,Marshall,TX,75670,555-7777,,N,N,Standard,Open,Case in Progress,2022-01-23,
1000019,GECOM,2013-03-05,Jane,T,Anderson,933416816,7480 Main St,Apt 312,Phoenix,WA,90311,Update,M1,88,CID-111433,SME,NOTIF-1019,Bankruptcy,21-63748,11,13,2023-11-25,,Active,2021-08-19,775517139,Linda,K,Anderson,,,,,,123 Debtor Lane,,Bankruptcy City,TX,77001,555-0100,,,,,,,,,,,,,,,,Hon. Sarah Justice,N,909161703,Richard,M,Taylor,Esq,,,,,456 Law Plaza,Ste 10,Legal Center,DC,20001,555-9000,2025-04-27,10:00 AM,Federal Building,Rm 302,District City,TX,77002,555-4444,Trustee Tom,789 Trustee Way,,Admin Town,TX,77003,555-8888,TXEB,Eastern District,200 Court St,,Marshall,TX,75670,555-7777,,N,N,Standard,Closed,Case in Progress,2025-04-27,
1000020,VP,2020-07-28,Michael,L,Davis,775893778,3818 Main St,Apt 438,New York,PA,65482,Existing,M1,88,CID-271969,Individual,NOTIF-1020,Bankruptcy,22-89220,11,7,2021-05-18,,Active,2022-03-23,637413940,Jane,J,Anderson,,,,,,123 Debtor Lane,,Bankruptcy City,TX,77001,555-0100,,,,,,,,,,,,,,,,Hon. Sarah Justice,N,298411332,William,E,Davis,Esq,,,,,456 Law Plaza,Ste 10,Legal Center,DC,20001,555-9000,2020-06-28,10:00 AM,Federal Building,Rm 302,District City,TX,77002,555-4444,Trustee Tom,789 Trustee Way,,Admin Town,TX,77003,555-8888,TXEB,Eastern District,200 Court St,,Marshall,TX,75670,555-7777,,N,N,Standard,Open,Case Dismissed,2020-06-28,
1000021,DM,2022-02-01,Robert,S,Miller,538326077,7032 Main St,Suite 545,San Diego,PA,96015,Existing,M1,98,CID-873061,Corporate,NOTIF-1021,Bankruptcy,24-48925,11,7,2023-05-04,,Closed,2023-06-16,607313278,William,E,Brown,,,,,,123 Debtor Lane,,Bankruptcy City,TX,77001,555-0100,,,,,,,,,,,,,,,,Hon. Sarah Justice,N,885165624,Michael,P,Anderson,Esq,,,,,456 Law Plaza,Ste 10,Legal Center,DC,20001,555-9000,2024-06-10,10:00 AM,Federal Building,Rm 302,District City,TX,77002,555-4444,Trustee Tom,789 Trustee Way,,Admin Town,TX,77003,555-8888,TXEB,Eastern District,200 Court St,,Marshall,TX,75670,555-7777,,N,N,Standard,Open,Case in Progress,2024-06-10,
1000022,FD,2020-12-10,Richard,M,Thomas,973526502,6817 Main St,Suite 501,Dallas,FL,44446,Existing,M1,82,CID-716228,Corporate,NOTIF-1022,Bankruptcy,23-80806,11,13,2023-09-04,,Pending,2022-05-11,629346273,Jane,E,Martinez,,,,,,123 Debtor Lane,,Bankruptcy City,TX,77001,555-0100,,,,,,,,,,,,,,,,Hon. Sarah Justice,N,374849068,Mary,T,Miller,Esq,,,,,456 Law Plaza,Ste 10,Legal Center,DC,20001,555-9000,2022-12-26,10:00 AM,Federal Building,Rm 302,District City,TX,77002,555-4444,Trustee Tom,789 Trustee Way,,Admin Town,TX,77003,555-8888,TXEB,Eastern District,200 Court St,,Marshall,TX,75670,555-7777,,N,N,Standard,Open,Case Dismissed,2022-12-26,
1000023,GECOM,2019-10-28,Mary,T,Taylor,203349221,7552 Main St,Suite 900,Chicago,NY,58291,Update,M1,86,CID-188096,Individual,NOTIF-1023,Bankruptcy,20-85248,13,13,2022-04-28,,Active,2023-04-06,781033977,Mary,A,Thomas,,,,,,123 Debtor Lane,,Bankruptcy City,TX,77001,555-0100,,,,,,,,,,,,,,,,Hon. Sarah Justice,N,588531792,Jane,E,Davis,Esq,,,,,456 Law Plaza,Ste 10,Legal Center,DC,20001,555-9000,2023-12-17,10:00 AM,Federal Building,Rm 302,District City,TX,77002,555-4444,Trustee Tom,789 Trustee Way,,Admin Town,TX,77003,555-8888,TXEB,Eastern District,200 Court St,,Marshall,TX,75670,555-7777,,N,N,Standard,Closed,Case Closed,2023-12-17,
1000024,VP,2010-12-01,Mary,E,Thomas,163106445,7144 Main St,Apt 77,San Diego,AZ,74372,Existing,M1,96,CID-733577,Corporate,NOTIF-1024,Bankruptcy,25-78401,13,11,2024-11-25,,Closed,2023-06-21,921073679,Patricia,M,Martinez,,,,,,123 Debtor Lane,,Bankruptcy City,TX,77001,555-0100,,,,,,,,,,,,,,,,Hon. Sarah Justice,N,290979726,Mary,S,Brown,Esq,,,,,456 Law Plaza,Ste 10,Legal Center,DC,20001,555-9000,2025-03-14,10:00 AM,Federal Building,Rm 302,District City,TX,77002,555-4444,Trustee Tom,789 Trustee Way,,Admin Town,TX,77003,555-8888,TXEB,Eastern District,200 Court St,,Marshall,TX,75670,555-7777,,N,N,Standard,Open,Case Closed,2025-03-14,
1000025,DM,2018-10-19,Jane,A,Miller,315384977,2991 Main St,Apt 229,New York,IL,18017,Existing,M1,88,CID-798204,SME,NOTIF-1025,Bankruptcy,20-33791,13,13,2024-01-13,,Closed,2020-01-02,670049471,Mary,E,Garcia,,,,,,123 Debtor Lane,,Bankruptcy City,TX,77001,555-0100,,,,,,,,,,,,,,,,Hon. Sarah Justice,N,141312414,Linda,P,Smith,Esq,,,,,456 Law Plaza,Ste 10,Legal Center,DC,20001,555-9000,2023-11-15,10:00 AM,Federal Building,Rm 302,District City,TX,77002,555-4444,Trustee Tom,789 Trustee Way,,Admin Town,TX,77003,555-8888,TXEB,Eastern District,200 Court St,,Marshall,TX,75670,555-7777,,N,N,Standard,Open,Case in Progress,2023-11-15,
1000026,FD,2011-04-10,Michael,S,Brown,655724211,1833 Main St,Suite 486,Philadelphia,TX,74962,Update,M1,91,CID-214932,SME,NOTIF-1026,Bankruptcy,25-55647,13,13,2024-11-18,,Closed,2023-11-11,752219338,Linda,L,Garcia,,,,,,123 Debtor Lane,,Bankruptcy City,TX,77001,555-0100,,,,,,,,,,,,,,,,Hon. Sarah Justice,N,106577132,Jennifer,A,Brown,Esq,,,,,456 Law Plaza,Ste 10,Legal Center,DC,20001,555-9000,2020-04-02,10:00 AM,Federal Building,Rm 302,District City,TX,77002,555-4444,Trustee Tom,789 Trustee Way,,Admin Town,TX,77003,555-8888,TXEB,Eastern District,200 Court St,,Marshall,TX,75670,555-7777,,N,N,Standard,Closed,Case Closed,2020-04-02,
1000027,GECOM,2020-03-20,Linda,J,Smith,447097688,9695 Main St,Suite 609,Chicago,PA,49291,New,M1,88,CID-503170,Individual,NOTIF-1027,Bankruptcy,25-55410,13,13,2021-01-22,,Pending,2021-12-07,129569034,William,A,Brown,,,,,,123 Debtor Lane,,Bankruptcy City,TX,77001,555-0100,,,,,,,,,,,,,,,,Hon. Sarah Justice,N,868010385,Michael,R,Thomas,Esq,,,,,456 Law Plaza,Ste 10,Legal Center,DC,20001,555-9000,2022-11-12,10:00 AM,Federal Building,Rm 302,District City,TX,77002,555-4444,Trustee Tom,789 Trustee Way,,Admin Town,TX,77003,555-8888,TXEB,Eastern District,200 Court St,,Marshall,TX,75670,555-7777,,N,N,Standard,Closed,Case Dismissed,2022-11-12,
1000028,VP,2011-02-13,Patricia,A,Thomas,536703361,7266 Main St,Apt 945,San Jose,NY,27519,Existing,M1,94,CID-937802,Individual,NOTIF-1028,Bankruptcy,22-82490,13,7,2020-10-10,,Pending,2020-10-10,108523717,John,K,Miller,,,,,,123 Debtor Lane,,Bankruptcy City,TX,77001,555-0100,,,,,,,,,,,,,,,,Hon. Sarah Justice,N,674502785,Michael,K,Garcia,Esq,,,,,456 Law Plaza,Ste 10,Legal Center,DC,20001,555-9000,2020-10-20,10:00 AM,Federal Building,Rm 302,District City,TX,77002,555-4444,Trustee Tom,789 Trustee Way,,Admin Town,TX,77003,555-8888,TXEB,Eastern District,200 Court St,,Marshall,TX,75670,555-7777,,N,N,Standard,Open,Case in Progress,2020-10-20,
1000029,DM,2011-03-26,Michael,K,Thomas,771351532,9915 Main St,Suite 496,Los Angeles,WA,86791,Existing,M1,89,CID-138017,Individual,NOTIF-1029,Bankruptcy,23-98046,7,13,2021-10-19,,Closed,2021-10-03,613751349,William,J,Johnson,,,,,,123 Debtor Lane,,Bankruptcy City,TX,77001,555-0100,,,,,,,,,,,,,,,,Hon. Sarah Justice,N,983747090,Robert,E,Thomas,Esq,,,,,456 Law Plaza,Ste 10,Legal Center,DC,20001,555-9000,2024-12-28,10:00 AM,Federal Building,Rm 302,District City,TX,77002,555-4444,Trustee Tom,789 Trustee Way,,Admin Town,TX,77003,555-8888,TXEB,Eastern District,200 Court St,,Marshall,TX,75670,555-7777,,N,N,Standard,Open,Case in Progress,2024-12-28,
1000030,FD,2019-09-24,Richard,T,Garcia,282972466,2962 Main St,Suite 268,San Jose,NY,96949,New,M1,85,CID-771306,Corporate,NOTIF-1030,Bankruptcy,21-67047,7,7,2022-06-20,,Active,2022-09-05,248351135,Mary,M,Johnson,,,,,,123 Debtor Lane,,Bankruptcy City,TX,77001,555-0100,,,,,,,,,,,,,,,,Hon. Sarah Justice,N,585151799,Jane,K,Smith,Esq,,,,,456 Law Plaza,Ste 10,Legal Center,DC,20001,555-9000,2023-01-19,10:00 AM,Federal Building,Rm 302,District City,TX,77002,555-4444,Trustee Tom,789 Trustee Way,,Admin Town,TX,77003,555-8888,TXEB,Eastern District,200 Court St,,Marshall,TX,75670,555-7777,,N,N,Standard,Open,Case Closed,2023-01-19,
1000031,GECOM,2010-05-24,Michael,A,Johnson,337041526,4103 Main St,Apt 644,San Antonio,CO,57308,New,M1,88,CID-676518,Corporate,NOTIF-1031,Bankruptcy,23-11554,7,13,2024-09-02,,Active,2021-03-10,619907412,William,E,Brown,,,,,,123 Debtor Lane,,Bankruptcy City,TX,77001,555-0100,,,,,,,,,,,,,,,,Hon. Sarah Justice,N,646357033,Linda,P,Taylor,Esq,,,,,456 Law Plaza,Ste 10,Legal Center,DC,20001,555-9000,2025-01-15,10:00 AM,Federal Building,Rm 302,District City,TX,77002,555-4444,Trustee Tom,789 Trustee Way,,Admin Town,TX,77003,555-8888,TXEB,Eastern District,200 Court St,,Marshall,TX,75670,555-7777,,N,N,Standard,Closed,Case Closed,2025-01-15,
1000032,VP,2017-02-19,Patricia,A,Thomas,727216130,2725 Main St,Apt 794,San Antonio,IL,24619,Update,M1,96,CID-690625,SME,NOTIF-1032,Bankruptcy,21-82708,13,7,2021-12-22,,Active,2024-05-04,854808129,William,P,Johnson,,,,,,123 Debtor Lane,,Bankruptcy City,TX,77001,555-0100,,,,,,,,,,,,,,,,Hon. Sarah Justice,N,345232341,Jane,S,Brown,Esq,,,,,456 Law Plaza,Ste 10,Legal Center,DC,20001,555-9000,2021-07-03,10:00 AM,Federal Building,Rm 302,District City,TX,77002,555-4444,Trustee Tom,789 Trustee Way,,Admin Town,TX,77003,555-8888,TXEB,Eastern District,200 Court St,,Marshall,TX,75670,555-7777,,N,N,Standard,Closed,Case in Progress,2021-07-03,
1000033,DM,2017-06-15,Jane,A,Garcia,519383679,8530 Main St,Apt 710,San Jose,CO,47106,Existing,M1,87,CID-257900,SME,NOTIF-1033,Bankruptcy,23-28002,7,11,2021-07-19,,Closed,2021-12-17,280059243,Michael,J,Johnson,,,,,,123 Debtor Lane,,Bankruptcy City,TX,77001,555-0100,,,,,,,,,,,,,,,,Hon. Sarah Justice,N,674212388,Patricia,A,Johnson,Esq,,,,,456 Law Plaza,Ste 10,Legal Center,DC,20001,555-9000,2022-11-24,10:00 AM,Federal Building,Rm 302,District City,TX,77002,555-4444,Trustee Tom,789 Trustee Way,,Admin Town,TX,77003,555-8888,TXEB,Eastern District,200 Court St,,Marshall,TX,75670,555-7777,,N,N,Standard,Closed,Case in Progress,2022-11-24,
1000034,FD,2011-03-10,Richard,K,Thomas,987673708,2609 Main St,Apt 485,Los Angeles,AZ,25552,Existing,M1,87,CID-316317,SME,NOTIF-1034,Bankruptcy,21-64790,11,7,2021-04-01,,Closed,2020-07-01,203165967,Richard,S,Garcia,,,,,,123 Debtor Lane,,Bankruptcy City,TX,77001,555-0100,,,,,,,,,,,,,,,,Hon. Sarah Justice,N,186789957,John,J,Anderson,Esq,,,,,456 Law Plaza,Ste 10,Legal Center,DC,20001,555-9000,2023-10-08,10:00 AM,Federal Building,Rm 302,District City,TX,77002,555-4444,Trustee Tom,789 Trustee Way,,Admin Town,TX,77003,555-8888,TXEB,Eastern District,200 Court St,,Marshall,TX,75670,555-7777,,N,N,Standard,Closed,Case Closed,2023-10-08,
1000035,GECOM,2013-07-29,Linda,J,Taylor,125042903,3631 Main St,Apt 459,Phoenix,PA,53959,Update,M1,96,CID-376864,SME,NOTIF-1035,Bankruptcy,24-36606,13,13,2020-10-08,,Active,2020-01-02,104089459,Richard,E,Miller,,,,,,123 Debtor Lane,,Bankruptcy City,TX,77001,555-0100,,,,,,,,,,,,,,,,Hon. Sarah Justice,N,460831218,Richard,S,Johnson,Esq,,,,,456 Law Plaza,Ste 10,Legal Center,DC,20001,555-9000,2025-03-11,10:00 AM,Federal Building,Rm 302,District City,TX,77002,555-4444,Trustee Tom,789 Trustee Way,,Admin Town,TX,77003,555-8888,TXEB,Eastern District,200 Court St,,Marshall,TX,75670,555-7777,,N,N,Standard,Open,Case Closed,2025-03-11,
1000036,VP,2020-06-17,Richard,J,Brown,629871154,3412 Main St,Suite 242,Chicago,PA,96422,Update,M1,99,CID-745801,Individual,NOTIF-1036,Bankruptcy,24-64003,13,11,2020-04-29,,Closed,2024-04-27,586952647,Richard,J,Thomas,,,,,,123 Debtor Lane,,Bankruptcy City,TX,77001,555-0100,,,,,,,,,,,,,,,,Hon. Sarah Justice,N,939166920,Richard,R,Brown,Esq,,,,,456 Law Plaza,Ste 10,Legal Center,DC,20001,555-9000,2020-07-18,10:00 AM,Federal Building,Rm 302,District City,TX,77002,555-4444,Trustee Tom,789 Trustee Way,,Admin Town,TX,77003,555-8888,TXEB,Eastern District,200 Court St,,Marshall,TX,75670,555-7777,,N,N,Standard,Open,Case Dismissed,2020-07-18,
1000037,DM,2012-01-16,Robert,A,Thomas,745637975,8171 Main St,Suite 425,Dallas,TX,60374,Update,M1,84,CID-829675,Individual,NOTIF-1037,Bankruptcy,24-49839,7,13,2022-10-22,,Active,2024-02-13,214660736,Jennifer,K,Martinez,,,,,,123 Debtor Lane,,Bankruptcy City,TX,77001,555-0100,,,,,,,,,,,,,,,,Hon. Sarah Justice,N,925330459,Jennifer,P,Thomas,Esq,,,,,456 Law Plaza,Ste 10,Legal Center,DC,20001,555-9000,2021-11-11,10:00 AM,Federal Building,Rm 302,District City,TX,77002,555-4444,Trustee Tom,789 Trustee Way,,Admin Town,TX,77003,555-8888,TXEB,Eastern District,200 Court St,,Marshall,TX,75670,555-7777,,N,N,Standard,Closed,Case in Progress,2021-11-11,
1000038,FD,2014-09-15,Mary,A,Johnson,116720873,1177 Main St,Apt 599,Dallas,TX,13898,Update,M1,87,CID-802684,Individual,NOTIF-1038,Bankruptcy,25-99408,7,11,2024-12-24,,Closed,2023-08-17,295354969,Jennifer,A,Taylor,,,,,,123 Debtor Lane,,Bankruptcy City,TX,77001,555-0100,,,,,,,,,,,,,,,,Hon. Sarah Justice,N,556133488,Jennifer,E,Thomas,Esq,,,,,456 Law Plaza,Ste 10,Legal Center,DC,20001,555-9000,2022-01-04,10:00 AM,Federal Building,Rm 302,District City,TX,77002,555-4444,Trustee Tom,789 Trustee Way,,Admin Town,TX,77003,555-8888,TXEB,Eastern District,200 Court St,,Marshall,TX,75670,555-7777,,N,N,Standard,Closed,Case Dismissed,2022-01-04,
1000039,GECOM,2010-09-27,Richard,R,Martinez,245931628,6506 Main St,Apt 422,Chicago,FL,88378,Existing,M1,81,CID-639455,SME,NOTIF-1039,Bankruptcy,23-68265,11,11,2023-05-22,,Pending,2021-02-14,603695248,Richard,E,Davis,,,,,,123 Debtor Lane,,Bankruptcy City,TX,77001,555-0100,,,,,,,,,,,,,,,,Hon. Sarah Justice,N,690998908,Michael,J,Taylor,Esq,,,,,456 Law Plaza,Ste 10,Legal Center,DC,20001,555-9000,2022-08-14,10:00 AM,Federal Building,Rm 302,District City,TX,77002,555-4444,Trustee Tom,789 Trustee Way,,Admin Town,TX,77003,555-8888,TXEB,Eastern District,200 Court St,,Marshall,TX,75670,555-7777,,N,N,Standard,Open,Case in Progress,2022-08-14,
1000040,VP,2011-06-03,Jane,E,Thomas,864111998,3912 Main St,Suite 644,Dallas,IL,76964,New,M1,83,CID-309532,Corporate,NOTIF-1040,Bankruptcy,24-41819,13,7,2022-10-14,,Active,2023-08-09,364241989,Jennifer,T,Garcia,,,,,,123 Debtor Lane,,Bankruptcy City,TX,77001,555-0100,,,,,,,,,,,,,,,,Hon. Sarah Justice,N,826060828,William,T,Martinez,Esq,,,,,456 Law Plaza,Ste 10,Legal Center,DC,20001,555-9000,2024-05-02,10:00 AM,Federal Building,Rm 302,District City,TX,77002,555-4444,Trustee Tom,789 Trustee Way,,Admin Town,TX,77003,555-8888,TXEB,Eastern District,200 Court St,,Marshall,TX,75670,555-7777,,N,N,Standard,Open,Case Dismissed,2024-05-02,
1000041,DM,2020-04-10,Mary,P,Taylor,909183350,8309 Main St,Apt 325,New York,CO,13262,New,M1,94,CID-144747,Corporate,NOTIF-1041,Bankruptcy,21-46527,11,13,2024-06-13,,Pending,2025-06-08,426875219,Jennifer,P,Anderson,,,,,,123 Debtor Lane,,Bankruptcy City,TX,77001,555-0100,,,,,,,,,,,,,,,,Hon. Sarah Justice,N,569235282,Jennifer,P,Miller,Esq,,,,,456 Law Plaza,Ste 10,Legal Center,DC,20001,555-9000,2024-09-15,10:00 AM,Federal Building,Rm 302,District City,TX,77002,555-4444,Trustee Tom,789 Trustee Way,,Admin Town,TX,77003,555-8888,TXEB,Eastern District,200 Court St,,Marshall,TX,75670,555-7777,,N,N,Standard,Open,Case in Progress,2024-09-15,
1000042,FD,2011-03-15,Richard,L,Martinez,334533744,8501 Main St,Suite 224,Los Angeles,CO,33625,Existing,M1,93,CID-207982,SME,NOTIF-1042,Bankruptcy,25-76715,11,7,2021-02-02,,Closed,2023-11-10,765093944,Patricia,E,Brown,,,,,,123 Debtor Lane,,Bankruptcy City,TX,77001,555-0100,,,,,,,,,,,,,,,,Hon. Sarah Justice,N,771616385,Linda,L,Thomas,Esq,,,,,456 Law Plaza,Ste 10,Legal Center,DC,20001,555-9000,2020-11-11,10:00 AM,Federal Building,Rm 302,District City,TX,77002,555-4444,Trustee Tom,789 Trustee Way,,Admin Town,TX,77003,555-8888,TXEB,Eastern District,200 Court St,,Marshall,TX,75670,555-7777,,N,N,Standard,Closed,Case Closed,2020-11-11,
1000043,GECOM,2023-04-22,Mary,J,Anderson,493807852,8402 Main St,Apt 784,Phoenix,WA,26433,Existing,M1,92,CID-515498,Corporate,NOTIF-1043,Bankruptcy,22-71455,13,7,2022-05-01,,Pending,2021-12-10,835710826,Jennifer,E,Brown,,,,,,123 Debtor Lane,,Bankruptcy City,TX,77001,555-0100,,,,,,,,,,,,,,,,Hon. Sarah Justice,N,776104705,John,T,Taylor,Esq,,,,,456 Law Plaza,Ste 10,Legal Center,DC,20001,555-9000,2022-09-27,10:00 AM,Federal Building,Rm 302,District City,TX,77002,555-4444,Trustee Tom,789 Trustee Way,,Admin Town,TX,77003,555-8888,TXEB,Eastern District,200 Court St,,Marshall,TX,75670,555-7777,,N,N,Standard,Closed,Case in Progress,2022-09-27,
1000044,VP,2012-07-12,Robert,S,Martinez,819127305,8546 Main St,Apt 877,San Antonio,PA,31437,New,M1,83,CID-639856,SME,NOTIF-1044,Bankruptcy,23-26717,7,7,2024-03-26,,Closed,2023-10-07,438360453,Jane,P,Thomas,,,,,,123 Debtor Lane,,Bankruptcy City,TX,77001,555-0100,,,,,,,,,,,,,,,,Hon. Sarah Justice,N,270184583,Robert,S,Davis,Esq,,,,,456 Law Plaza,Ste 10,Legal Center,DC,20001,555-9000,2023-10-07,10:00 AM,Federal Building,Rm 302,District City,TX,77002,555-4444,Trustee Tom,789 Trustee Way,,Admin Town,TX,77003,555-8888,TXEB,Eastern District,200 Court St,,Marshall,TX,75670,555-7777,,N,N,Standard,Open,Case Closed,2023-10-07,
1000045,DM,2020-07-02,Robert,K,Johnson,548494622,4881 Main St,Apt 901,Chicago,NY,48603,New,M1,92,CID-255195,Corporate,NOTIF-1045,Bankruptcy,21-30571,13,11,2024-04-28,,Active,2023-02-20,333886797,Jennifer,A,Johnson,,,,,,123 Debtor Lane,,Bankruptcy City,TX,77001,555-0100,,,,,,,,,,,,,,,,Hon. Sarah Justice,N,873877284,John,K,Johnson,Esq,,,,,456 Law Plaza,Ste 10,Legal Center,DC,20001,555-9000,2020-06-05,10:00 AM,Federal Building,Rm 302,District City,TX,77002,555-4444,Trustee Tom,789 Trustee Way,,Admin Town,TX,77003,555-8888,TXEB,Eastern District,200 Court St,,Marshall,TX,75670,555-7777,,N,N,Standard,Open,Case Dismissed,2020-06-05,
1000046,FD,2013-03-02,Jennifer,L,Brown,823798260,7112 Main St,Apt 922,Philadelphia,AZ,25622,Existing,M1,88,CID-821180,Corporate,NOTIF-1046,Bankruptcy,23-19314,7,7,2021-01-01,,Active,2023-05-17,794551033,Mary,L,Garcia,,,,,,123 Debtor Lane,,Bankruptcy City,TX,77001,555-0100,,,,,,,,,,,,,,,,Hon. Sarah Justice,N,703355500,John,R,Taylor,Esq,,,,,456 Law Plaza,Ste 10,Legal Center,DC,20001,555-9000,2022-08-16,10:00 AM,Federal Building,Rm 302,District City,TX,77002,555-4444,Trustee Tom,789 Trustee Way,,Admin Town,TX,77003,555-8888,TXEB,Eastern District,200 Court St,,Marshall,TX,75670,555-7777,,N,N,Standard,Open,Case Dismissed,2022-08-16,
1000047,GECOM,2020-07-24,Jane,A,Smith,403694586,2331 Main St,Apt 845,Dallas,CO,21205,Existing,M1,91,CID-738074,Corporate,NOTIF-1047,Bankruptcy,24-28317,11,13,2025-01-18,,Active,2025-03-13,201061847,William,J,Garcia,,,,,,123 Debtor Lane,,Bankruptcy City,TX,77001,555-0100,,,,,,,,,,,,,,,,Hon. Sarah Justice,N,598679552,Jennifer,L,Brown,Esq,,,,,456 Law Plaza,Ste 10,Legal Center,DC,20001,555-9000,2024-04-23,10:00 AM,Federal Building,Rm 302,District City,TX,77002,555-4444,Trustee Tom,789 Trustee Way,,Admin Town,TX,77003,555-8888,TXEB,Eastern District,200 Court St,,Marshall,TX,75670,555-7777,,N,N,Standard,Open,Case Dismissed,2024-04-23,
1000048,VP,2018-10-30,John,E,Davis,405159564,7768 Main St,Suite 830,Los Angeles,FL,56447,New,M1,96,CID-420640,Corporate,NOTIF-1048,Bankruptcy,24-22929,13,13,2023-02-16,,Closed,2022-06-01,754031241,Richard,L,Davis,,,,,,123 Debtor Lane,,Bankruptcy City,TX,77001,555-0100,,,,,,,,,,,,,,,,Hon. Sarah Justice,N,417502323,Richard,M,Smith,Esq,,,,,456 Law Plaza,Ste 10,Legal Center,DC,20001,555-9000,2022-07-04,10:00 AM,Federal Building,Rm 302,District City,TX,77002,555-4444,Trustee Tom,789 Trustee Way,,Admin Town,TX,77003,555-8888,TXEB,Eastern District,200 Court St,,Marshall,TX,75670,555-7777,,N,N,Standard,Closed,Case Dismissed,2022-07-04,
1000049,DM,2010-04-15,Mary,E,Johnson,285215051,2105 Main St,Suite 124,San Antonio,WA,40649,Update,M1,87,CID-107429,Corporate,NOTIF-1049,Bankruptcy,25-48217,13,13,2021-08-17,,Closed,2023-07-26,999710265,Jennifer,T,Garcia,,,,,,123 Debtor Lane,,Bankruptcy City,TX,77001,555-0100,,,,,,,,,,,,,,,,Hon. Sarah Justice,N,120406986,Jennifer,P,Miller,Esq,,,,,456 Law Plaza,Ste 10,Legal Center,DC,20001,555-9000,2020-02-18,10:00 AM,Federal Building,Rm 302,District City,TX,77002,555-4444,Trustee Tom,789 Trustee Way,,Admin Town,TX,77003,555-8888,TXEB,Eastern District,200 Court St,,Marshall,TX,75670,555-7777,,N,N,Standard,Closed,Case in Progress,2020-02-18,
1000050,FD,2019-10-13,William,P,Garcia,525406923,9958 Main St,Apt 996,Dallas,CO,65584,New,M1,99,CID-478431,SME,NOTIF-1050,Bankruptcy,24-68398,7,11,2022-02-15,,Active,2021-03-07,913684357,Jane,R,Brown,,,,,,123 Debtor Lane,,Bankruptcy City,TX,77001,555-0100,,,,,,,,,,,,,,,,Hon. Sarah Justice,N,405369560,Jane,E,Smith,Esq,,,,,456 Law Plaza,Ste 10,Legal Center,DC,20001,555-9000,2022-12-18,10:00 AM,Federal Building,Rm 302,District City,TX,77002,555-4444,Trustee Tom,789 Trustee Way,,Admin Town,TX,77003,555-8888,TXEB,Eastern District,200 Court St,,Marshall,TX,75670,555-7777,,N,N,Standard,Closed,Case in Progress,2022-12-18,
1000051,GECOM,2020-02-09,Richard,L,Anderson,806965266,5493 Main St,Suite 775,San Diego,NY,50660,Existing,M1,88,CID-723165,Individual,NOTIF-1051,Bankruptcy,22-70981,7,11,2025-04-17,,Closed,2020-03-16,661399768,Jennifer,A,Thomas,,,,,,123 Debtor Lane,,Bankruptcy City,TX,77001,555-0100,,,,,,,,,,,,,,,,Hon. Sarah Justice,N,660397519,Linda,J,Brown,Esq,,,,,456 Law Plaza,Ste 10,Legal Center,DC,20001,555-9000,2020-08-12,10:00 AM,Federal Building,Rm 302,District City,TX,77002,555-4444,Trustee Tom,789 Trustee Way,,Admin Town,TX,77003,555-8888,TXEB,Eastern District,200 Court St,,Marshall,TX,75670,555-7777,,N,N,Standard,Closed,Case in Progress,2020-08-12,
1000052,VP,2014-12-23,Jane,S,Anderson,334112451,8461 Main St,Apt 194,Dallas,TX,48335,Update,M1,93,CID-509905,Individual,NOTIF-1052,Bankruptcy,24-52620,7,7,2021-07-21,,Active,2024-06-30,629245543,Richard,T,Davis,,,,,,123 Debtor Lane,,Bankruptcy City,TX,77001,555-0100,,,,,,,,,,,,,,,,Hon. Sarah Justice,N,298430569,Robert,R,Davis,Esq,,,,,456 Law Plaza,Ste 10,Legal Center,DC,20001,555-9000,2020-07-02,10:00 AM,Federal Building,Rm 302,District City,TX,77002,555-4444,Trustee Tom,789 Trustee Way,,Admin Town,TX,77003,555-8888,TXEB,Eastern District,200 Court St,,Marshall,TX,75670,555-7777,,N,N,Standard,Open,Case Closed,2020-07-02,
1000053,DM,2017-04-04,Mary,P,Thomas,942535870,7448 Main St,Apt 373,San Diego,CO,29741,New,M1,86,CID-366153,Individual,NOTIF-1053,Bankruptcy,25-56083,7,7,2025-02-10,,Closed,2023-09-08,324065681,Michael,P,Johnson,,,,,,123 Debtor Lane,,Bankruptcy City,TX,77001,555-0100,,,,,,,,,,,,,,,,Hon. Sarah Justice,N,902473162,Michael,S,Smith,Esq,,,,,456 Law Plaza,Ste 10,Legal Center,DC,20001,555-9000,2020-04-06,10:00 AM,Federal Building,Rm 302,District City,TX,77002,555-4444,Trustee Tom,789 Trustee Way,,Admin Town,TX,77003,555-8888,TXEB,Eastern District,200 Court St,,Marshall,TX,75670,555-7777,,N,N,Standard,Open,Case Dismissed,2020-04-06,
1000054,FD,2010-03-29,Michael,T,Garcia,317701750,9287 Main St,Suite 374,San Diego,IL,99705,Existing,M1,97,CID-845812,Individual,NOTIF-1054,Bankruptcy,21-36396,11,13,2020-05-06,,Closed,2023-09-21,449626377,Robert,T,Taylor,,,,,,123 Debtor Lane,,Bankruptcy City,TX,77001,555-0100,,,,,,,,,,,,,,,,Hon. Sarah Justice,N,333499954,John,S,Smith,Esq,,,,,456 Law Plaza,Ste 10,Legal Center,DC,20001,555-9000,2022-12-13,10:00 AM,Federal Building,Rm 302,District City,TX,77002,555-4444,Trustee Tom,789 Trustee Way,,Admin Town,TX,77003,555-8888,TXEB,Eastern District,200 Court St,,Marshall,TX,75670,555-7777,,N,N,Standard,Closed,Case in Progress,2022-12-13,
1000055,GECOM,2021-01-24,William,M,Miller,821848495,2537 Main St,Suite 221,Philadelphia,WA,81242,Existing,M1,87,CID-101128,Corporate,NOTIF-1055,Bankruptcy,24-35729,11,13,2020-10-21,,Active,2020-03-27,203981055,Jane,E,Davis,,,,,,123 Debtor Lane,,Bankruptcy City,TX,77001,555-0100,,,,,,,,,,,,,,,,Hon. Sarah Justice,N,148242792,Robert,T,Martinez,Esq,,,,,456 Law Plaza,Ste 10,Legal Center,DC,20001,555-9000,2021-05-17,10:00 AM,Federal Building,Rm 302,District City,TX,77002,555-4444,Trustee Tom,789 Trustee Way,,Admin Town,TX,77003,555-8888,TXEB,Eastern District,200 Court St,,Marshall,TX,75670,555-7777,,N,N,Standard,Open,Case Closed,2021-05-17,
1000056,VP,2018-12-29,Mary,S,Brown,966197295,5119 Main St,Apt 985,San Jose,MA,75129,Update,M1,95,CID-283960,Corporate,NOTIF-1056,Bankruptcy,20-90140,13,13,2022-08-21,,Active,2024-06-04,294630370,John,L,Miller,,,,,,123 Debtor Lane,,Bankruptcy City,TX,77001,555-0100,,,,,,,,,,,,,,,,Hon. Sarah Justice,N,953106140,John,T,Davis,Esq,,,,,456 Law Plaza,Ste 10,Legal Center,DC,20001,555-9000,2021-07-21,10:00 AM,Federal Building,Rm 302,District City,TX,77002,555-4444,Trustee Tom,789 Trustee Way,,Admin Town,TX,77003,555-8888,TXEB,Eastern District,200 Court St,,Marshall,TX,75670,555-7777,,N,N,Standard,Closed,Case Closed,2021-07-21,
1000057,DM,2021-11-08,Linda,T,Miller,565227298,7162 Main St,Suite 823,Los Angeles,FL,12420,Update,M1,94,CID-661770,Corporate,NOTIF-1057,Bankruptcy,20-66876,11,11,2023-10-07,,Pending,2024-02-04,630042497,John,E,Davis,,,,,,123 Debtor Lane,,Bankruptcy City,TX,77001,555-0100,,,,,,,,,,,,,,,,Hon. Sarah Justice,N,889526457,Jane,A,Anderson,Esq,,,,,456 Law Plaza,Ste 10,Legal Center,DC,20001,555-9000,2023-04-09,10:00 AM,Federal Building,Rm 302,District City,TX,77002,555-4444,Trustee Tom,789 Trustee Way,,Admin Town,TX,77003,555-8888,TXEB,Eastern District,200 Court St,,Marshall,TX,75670,555-7777,,N,N,Standard,Closed,Case Closed,2023-04-09,
1000058,FD,2020-07-29,Robert,T,Anderson,632413280,6658 Main St,Suite 193,New York,IL,59011,Update,M1,88,CID-550746,Corporate,NOTIF-1058,Bankruptcy,20-48312,13,13,2021-12-10,,Pending,2020-10-01,710547159,John,L,Davis,,,,,,123 Debtor Lane,,Bankruptcy City,TX,77001,555-0100,,,,,,,,,,,,,,,,Hon. Sarah Justice,N,190484795,Jennifer,P,Martinez,Esq,,,,,456 Law Plaza,Ste 10,Legal Center,DC,20001,555-9000,2021-06-02,10:00 AM,Federal Building,Rm 302,District City,TX,77002,555-4444,Trustee Tom,789 Trustee Way,,Admin Town,TX,77003,555-8888,TXEB,Eastern District,200 Court St,,Marshall,TX,75670,555-7777,,N,N,Standard,Closed,Case Closed,2021-06-02,
1000059,GECOM,2010-12-09,William,A,Davis,806801551,4395 Main St,Suite 629,San Antonio,FL,23072,New,M1,98,CID-137859,Corporate,NOTIF-1059,Bankruptcy,24-77086,13,11,2020-07-30,,Closed,2021-05-04,632356551,Linda,P,Martinez,,,,,,123 Debtor Lane,,Bankruptcy City,TX,77001,555-0100,,,,,,,,,,,,,,,,Hon. Sarah Justice,N,398661351,William,R,Davis,Esq,,,,,456 Law Plaza,Ste 10,Legal Center,DC,20001,555-9000,2024-03-15,10:00 AM,Federal Building,Rm 302,District City,TX,77002,555-4444,Trustee Tom,789 Trustee Way,,Admin Town,TX,77003,555-8888,TXEB,Eastern District,200 Court St,,Marshall,TX,75670,555-7777,,N,N,Standard,Closed,Case Dismissed,2024-03-15,
1000060,VP,2010-08-14,Richard,A,Davis,494568144,9620 Main St,Apt 819,Chicago,CO,80253,Existing,M1,99,CID-190707,SME,NOTIF-1060,Bankruptcy,22-68871,13,13,2024-04-01,,Active,2020-07-13,241793276,Patricia,S,Taylor,,,,,,123 Debtor Lane,,Bankruptcy City,TX,77001,555-0100,,,,,,,,,,,,,,,,Hon. Sarah Justice,N,931480714,John,E,Johnson,Esq,,,,,456 Law Plaza,Ste 10,Legal Center,DC,20001,555-9000,2020-06-28,10:00 AM,Federal Building,Rm 302,District City,TX,77002,555-4444,Trustee Tom,789 Trustee Way,,Admin Town,TX,77003,555-8888,TXEB,Eastern District,200 Court St,,Marshall,TX,75670,555-7777,,N,N,Standard,Closed,Case in Progress,2020-06-28,
1000061,DM,2016-05-03,Richard,P,Anderson,691857437,6117 Main St,Apt 785,San Jose,WA,49921,New,M1,92,CID-238506,Individual,NOTIF-1061,Bankruptcy,21-97960,7,11,2023-11-22,,Closed,2025-03-24,977898564,Jennifer,E,Thomas,,,,,,123 Debtor Lane,,Bankruptcy City,TX,77001,555-0100,,,,,,,,,,,,,,,,Hon. Sarah Justice,N,181178433,Robert,J,Anderson,Esq,,,,,456 Law Plaza,Ste 10,Legal Center,DC,20001,555-9000,2024-07-06,10:00 AM,Federal Building,Rm 302,District City,TX,77002,555-4444,Trustee Tom,789 Trustee Way,,Admin Town,TX,77003,555-8888,TXEB,Eastern District,200 Court St,,Marshall,TX,75670,555-7777,,N,N,Standard,Closed,Case Dismissed,2024-07-06,
1000062,FD,2017-06-16,Richard,R,Davis,331818806,9898 Main St,Suite 119,San Diego,PA,88348,New,M1,93,CID-541982,Individual,NOTIF-1062,Bankruptcy,23-46808,13,7,2022-05-16,,Closed,2020-07-31,955143652,Jennifer,L,Martinez,,,,,,123 Debtor Lane,,Bankruptcy City,TX,77001,555-0100,,,,,,,,,,,,,,,,Hon. Sarah Justice,N,303636687,William,S,Martinez,Esq,,,,,456 Law Plaza,Ste 10,Legal Center,DC,20001,555-9000,2020-03-25,10:00 AM,Federal Building,Rm 302,District City,TX,77002,555-4444,Trustee Tom,789 Trustee Way,,Admin Town,TX,77003,555-8888,TXEB,Eastern District,200 Court St,,Marshall,TX,75670,555-7777,,N,N,Standard,Closed,Case Closed,2020-03-25,
1000063,GECOM,2017-11-03,Robert,E,Anderson,623788472,9699 Main St,Suite 624,Philadelphia,AZ,64907,Update,M1,90,CID-476717,Corporate,NOTIF-1063,Bankruptcy,24-87841,7,13,2021-02-06,,Active,2023-01-21,761996389,Linda,S,Smith,,,,,,123 Debtor Lane,,Bankruptcy City,TX,77001,555-0100,,,,,,,,,,,,,,,,Hon. Sarah Justice,N,583027471,Linda,J,Miller,Esq,,,,,456 Law Plaza,Ste 10,Legal Center,DC,20001,555-9000,2023-09-15,10:00 AM,Federal Building,Rm 302,District City,TX,77002,555-4444,Trustee Tom,789 Trustee Way,,Admin Town,TX,77003,555-8888,TXEB,Eastern District,200 Court St,,Marshall,TX,75670,555-7777,,N,N,Standard,Closed,Case Closed,2023-09-15,
1000064,VP,2023-04-15,John,J,Taylor,523415179,4069 Main St,Apt 404,San Antonio,CO,41477,Existing,M1,91,CID-219436,Corporate,NOTIF-1064,Bankruptcy,25-13377,11,7,2020-11-16,,Active,2024-06-23,771310771,Robert,A,Brown,,,,,,123 Debtor Lane,,Bankruptcy City,TX,77001,555-0100,,,,,,,,,,,,,,,,Hon. Sarah Justice,N,941317238,Jane,T,Davis,Esq,,,,,456 Law Plaza,Ste 10,Legal Center,DC,20001,555-9000,2024-12-20,10:00 AM,Federal Building,Rm 302,District City,TX,77002,555-4444,Trustee Tom,789 Trustee Way,,Admin Town,TX,77003,555-8888,TXEB,Eastern District,200 Court St,,Marshall,TX,75670,555-7777,,N,N,Standard,Open,Case Closed,2024-12-20,
1000065,DM,2023-05-20,Patricia,K,Smith,871847719,1155 Main St,Apt 61,Chicago,TX,34653,Update,M1,82,CID-892222,SME,NOTIF-1065,Bankruptcy,22-46133,13,13,2020-07-16,,Active,2025-01-16,670054198,Robert,T,Martinez,,,,,,123 Debtor Lane,,Bankruptcy City,TX,77001,555-0100,,,,,,,,,,,,,,,,Hon. Sarah Justice,N,147881046,Patricia,L,Johnson,Esq,,,,,456 Law Plaza,Ste 10,Legal Center,DC,20001,555-9000,2021-10-30,10:00 AM,Federal Building,Rm 302,District City,TX,77002,555-4444,Trustee Tom,789 Trustee Way,,Admin Town,TX,77003,555-8888,TXEB,Eastern District,200 Court St,,Marshall,TX,75670,555-7777,,N,N,Standard,Closed,Case Dismissed,2021-10-30,
1000066,FD,2023-08-22,Robert,R,Smith,317943757,8041 Main St,Suite 761,San Diego,WA,72495,Existing,M1,92,CID-955489,Individual,NOTIF-1066,Bankruptcy,25-49875,11,11,2023-12-20,,Pending,2020-03-18,672121612,Patricia,L,Davis,,,,,,123 Debtor Lane,,Bankruptcy City,TX,77001,555-0100,,,,,,,,,,,,,,,,Hon. Sarah Justice,N,656299173,Jane,L,Thomas,Esq,,,,,456 Law Plaza,Ste 10,Legal Center,DC,20001,555-9000,2022-11-09,10:00 AM,Federal Building,Rm 302,District City,TX,77002,555-4444,Trustee Tom,789 Trustee Way,,Admin Town,TX,77003,555-8888,TXEB,Eastern District,200 Court St,,Marshall,TX,75670,555-7777,,N,N,Standard,Open,Case Closed,2022-11-09,
1000067,GECOM,2023-02-11,Linda,A,Davis,574732041,6459 Main St,Apt 221,Los Angeles,WA,23446,New,M1,95,CID-348941,Corporate,NOTIF-1067,Bankruptcy,25-38484,11,7,2023-04-13,,Pending,2021-03-07,898062826,Richard,E,Anderson,,,,,,123 Debtor Lane,,Bankruptcy City,TX,77001,555-0100,,,,,,,,,,,,,,,,Hon. Sarah Justice,N,232964904,Jennifer,J,Miller,Esq,,,,,456 Law Plaza,Ste 10,Legal Center,DC,20001,555-9000,2020-04-10,10:00 AM,Federal Building,Rm 302,District City,TX,77002,555-4444,Trustee Tom,789 Trustee Way,,Admin Town,TX,77003,555-8888,TXEB,Eastern District,200 Court St,,Marshall,TX,75670,555-7777,,N,N,Standard,Open,Case Closed,2020-04-10,
1000068,VP,2023-08-15,William,S,Martinez,419635544,7512 Main St,Apt 995,San Diego,AZ,24259,Existing,M1,93,CID-245673,Individual,NOTIF-1068,Bankruptcy,21-33829,7,7,2020-04-20,,Active,2020-06-09,307516382,Robert,K,Thomas,,,,,,123 Debtor Lane,,Bankruptcy City,TX,77001,555-0100,,,,,,,,,,,,,,,,Hon. Sarah Justice,N,329637356,Jennifer,E,Miller,Esq,,,,,456 Law Plaza,Ste 10,Legal Center,DC,20001,555-9000,2023-07-31,10:00 AM,Federal Building,Rm 302,District City,TX,77002,555-4444,Trustee Tom,789 Trustee Way,,Admin Town,TX,77003,555-8888,TXEB,Eastern District,200 Court St,,Marshall,TX,75670,555-7777,,N,N,Standard,Open,Case in Progress,2023-07-31,
1000069,DM,2023-05-31,Richard,E,Brown,364325225,8966 Main St,Suite 592,Chicago,WA,94349,Existing,M1,97,CID-731651,Corporate,NOTIF-1069,Bankruptcy,21-65808,11,7,2024-08-25,,Closed,2025-02-27,781411672,William,S,Martinez,,,,,,123 Debtor Lane,,Bankruptcy City,TX,77001,555-0100,,,,,,,,,,,,,,,,Hon. Sarah Justice,N,429914367,Richard,S,Brown,Esq,,,,,456 Law Plaza,Ste 10,Legal Center,DC,20001,555-9000,2020-09-15,10:00 AM,Federal Building,Rm 302,District City,TX,77002,555-4444,Trustee Tom,789 Trustee Way,,Admin Town,TX,77003,555-8888,TXEB,Eastern District,200 Court St,,Marshall,TX,75670,555-7777,,N,N,Standard,Open,Case Closed,2020-09-15,
1000070,FD,2012-04-16,John,S,Smith,172710738,5349 Main St,Suite 706,Los Angeles,TX,78418,Update,M1,89,CID-307771,Individual,NOTIF-1070,Bankruptcy,24-60049,11,7,2023-03-27,,Active,2024-07-21,915466157,Michael,L,Anderson,,,,,,123 Debtor Lane,,Bankruptcy City,TX,77001,555-0100,,,,,,,,,,,,,,,,Hon. Sarah Justice,N,409700946,Richard,A,Garcia,Esq,,,,,456 Law Plaza,Ste 10,Legal Center,DC,20001,555-9000,2025-04-17,10:00 AM,Federal Building,Rm 302,District City,TX,77002,555-4444,Trustee Tom,789 Trustee Way,,Admin Town,TX,77003,555-8888,TXEB,Eastern District,200 Court St,,Marshall,TX,75670,555-7777,,N,N,Standard,Closed,Case Dismissed,2025-04-17,
1000071,GECOM,2011-03-25,Linda,L,Smith,161421912,1762 Main St,Apt 126,San Diego,TX,43573,Existing,M1,93,CID-110575,SME,NOTIF-1071,Bankruptcy,24-17041,11,11,2023-04-07,,Closed,2021-09-11,483183728,Michael,E,Anderson,,,,,,123 Debtor Lane,,Bankruptcy City,TX,77001,555-0100,,,,,,,,,,,,,,,,Hon. Sarah Justice,N,752636615,John,A,Anderson,Esq,,,,,456 Law Plaza,Ste 10,Legal Center,DC,20001,555-9000,2022-01-24,10:00 AM,Federal Building,Rm 302,District City,TX,77002,555-4444,Trustee Tom,789 Trustee Way,,Admin Town,TX,77003,555-8888,TXEB,Eastern District,200 Court St,,Marshall,TX,75670,555-7777,,N,N,Standard,Open,Case Dismissed,2022-01-24,
1000072,VP,2018-01-16,John,M,Smith,173057580,1292 Main St,Apt 630,San Jose,MA,63225,New,M1,84,CID-189776,Individual,NOTIF-1072,Bankruptcy,21-88087,7,13,2020-03-29,,Closed,2021-04-09,779213066,Jennifer,S,Smith,,,,,,123 Debtor Lane,,Bankruptcy City,TX,77001,555-0100,,,,,,,,,,,,,,,,Hon. Sarah Justice,N,663965627,William,J,Miller,Esq,,,,,456 Law Plaza,Ste 10,Legal Center,DC,20001,555-9000,2023-04-05,10:00 AM,Federal Building,Rm 302,District City,TX,77002,555-4444,Trustee Tom,789 Trustee Way,,Admin Town,TX,77003,555-8888,TXEB,Eastern District,200 Court St,,Marshall,TX,75670,555-7777,,N,N,Standard,Open,Case in Progress,2023-04-05,
1000073,DM,2018-04-09,William,A,Johnson,334587659,1494 Main St,Apt 803,Philadelphia,CO,84717,Update,M1,88,CID-489958,Corporate,NOTIF-1073,Bankruptcy,20-61250,7,7,2022-07-01,,Pending,2024-03-04,452134997,Robert,E,Garcia,,,,,,123 Debtor Lane,,Bankruptcy City,TX,77001,555-0100,,,,,,,,,,,,,,,,Hon. Sarah Justice,N,726685667,Linda,T,Brown,Esq,,,,,456 Law Plaza,Ste 10,Legal Center,DC,20001,555-9000,2023-08-29,10:00 AM,Federal Building,Rm 302,District City,TX,77002,555-4444,Trustee Tom,789 Trustee Way,,Admin Town,TX,77003,555-8888,TXEB,Eastern District,200 Court St,,Marshall,TX,75670,555-7777,,N,N,Standard,Closed,Case in Progress,2023-08-29,
1000074,FD,2017-12-01,Jane,M,Martinez,525268234,3787 Main St,Apt 689,Houston,WA,96955,New,M1,99,CID-344168,SME,NOTIF-1074,Bankruptcy,22-24771,13,7,2022-03-27,,Pending,2020-01-23,617731991,Jane,T,Anderson,,,,,,123 Debtor Lane,,Bankruptcy City,TX,77001,555-0100,,,,,,,,,,,,,,,,Hon. Sarah Justice,N,545796998,Michael,P,Smith,Esq,,,,,456 Law Plaza,Ste 10,Legal Center,DC,20001,555-9000,2024-02-08,10:00 AM,Federal Building,Rm 302,District City,TX,77002,555-4444,Trustee Tom,789 Trustee Way,,Admin Town,TX,77003,555-8888,TXEB,Eastern District,200 Court St,,Marshall,TX,75670,555-7777,,N,N,Standard,Open,Case in Progress,2024-02-08,
1000075,GECOM,2012-12-26,John,T,Brown,940164710,8864 Main St,Suite 662,Los Angeles,NY,30032,Update,M1,88,CID-148861,Corporate,NOTIF-1075,Bankruptcy,21-80727,7,7,2022-02-23,,Active,2024-10-23,442065378,Jane,M,Davis,,,,,,123 Debtor Lane,,Bankruptcy City,TX,77001,555-0100,,,,,,,,,,,,,,,,Hon. Sarah Justice,N,198062226,Richard,J,Brown,Esq,,,,,456 Law Plaza,Ste 10,Legal Center,DC,20001,555-9000,2022-02-20,10:00 AM,Federal Building,Rm 302,District City,TX,77002,555-4444,Trustee Tom,789 Trustee Way,,Admin Town,TX,77003,555-8888,TXEB,Eastern District,200 Court St,,Marshall,TX,75670,555-7777,,N,N,Standard,Closed,Case Closed,2022-02-20,
1000076,VP,2011-07-02,John,E,Martinez,734044301,6981 Main St,Apt 15,Los Angeles,MA,39758,Existing,M1,99,CID-443586,SME,NOTIF-1076,Bankruptcy,25-59848,11,13,2023-12-22,,Closed,2023-05-02,348248245,Patricia,R,Smith,,,,,,123 Debtor Lane,,Bankruptcy City,TX,77001,555-0100,,,,,,,,,,,,,,,,Hon. Sarah Justice,N,559520552,Linda,J,Johnson,Esq,,,,,456 Law Plaza,Ste 10,Legal Center,DC,20001,555-9000,2025-02-25,10:00 AM,Federal Building,Rm 302,District City,TX,77002,555-4444,Trustee Tom,789 Trustee Way,,Admin Town,TX,77003,555-8888,TXEB,Eastern District,200 Court St,,Marshall,TX,75670,555-7777,,N,N,Standard,Closed,Case Dismissed,2025-02-25,
1000077,DM,2014-07-11,Linda,L,Brown,699719870,6833 Main St,Suite 444,Dallas,AZ,23112,New,M1,98,CID-981954,Corporate,NOTIF-1077,Bankruptcy,21-16881,13,11,2022-06-26,,Closed,2020-08-16,749460734,Jane,T,Miller,,,,,,123 Debtor Lane,,Bankruptcy City,TX,77001,555-0100,,,,,,,,,,,,,,,,Hon. Sarah Justice,N,142866402,Mary,K,Garcia,Esq,,,,,456 Law Plaza,Ste 10,Legal Center,DC,20001,555-9000,2023-02-20,10:00 AM,Federal Building,Rm 302,District City,TX,77002,555-4444,Trustee Tom,789 Trustee Way,,Admin Town,TX,77003,555-8888,TXEB,Eastern District,200 Court St,,Marshall,TX,75670,555-7777,,N,N,Standard,Closed,Case Dismissed,2023-02-20,
1000078,FD,2015-03-04,Jennifer,M,Garcia,169392223,3734 Main St,Apt 729,San Antonio,TX,22214,New,M1,93,CID-423313,Individual,NOTIF-1078,Bankruptcy,23-81831,13,7,2023-05-10,,Closed,2025-03-21,926283371,Richard,J,Miller,,,,,,123 Debtor Lane,,Bankruptcy City,TX,77001,555-0100,,,,,,,,,,,,,,,,Hon. Sarah Justice,N,801704561,Linda,E,Thomas,Esq,,,,,456 Law Plaza,Ste 10,Legal Center,DC,20001,555-9000,2020-07-30,10:00 AM,Federal Building,Rm 302,District City,TX,77002,555-4444,Trustee Tom,789 Trustee Way,,Admin Town,TX,77003,555-8888,TXEB,Eastern District,200 Court St,,Marshall,TX,75670,555-7777,,N,N,Standard,Open,Case Closed,2020-07-30,
1000079,GECOM,2013-03-11,John,A,Miller,845599654,8987 Main St,Suite 340,Dallas,TX,22734,Update,M1,93,CID-968445,Individual,NOTIF-1079,Bankruptcy,24-36584,7,13,2021-06-13,,Closed,2023-10-19,792163568,Jennifer,L,Davis,,,,,,123 Debtor Lane,,Bankruptcy City,TX,77001,555-0100,,,,,,,,,,,,,,,,Hon. Sarah Justice,N,194874174,Linda,R,Smith,Esq,,,,,456 Law Plaza,Ste 10,Legal Center,DC,20001,555-9000,2020-09-19,10:00 AM,Federal Building,Rm 302,District City,TX,77002,555-4444,Trustee Tom,789 Trustee Way,,Admin Town,TX,77003,555-8888,TXEB,Eastern District,200 Court St,,Marshall,TX,75670,555-7777,,N,N,Standard,Closed,Case Closed,2020-09-19,
1000080,VP,2014-01-05,John,R,Martinez,850456426,3129 Main St,Suite 185,Philadelphia,FL,48447,New,M1,85,CID-873393,Corporate,NOTIF-1080,Bankruptcy,21-55976,11,7,2025-01-21,,Active,2022-05-19,405592498,John,M,Davis,,,,,,123 Debtor Lane,,Bankruptcy City,TX,77001,555-0100,,,,,,,,,,,,,,,,Hon. Sarah Justice,N,168267127,Jennifer,P,Martinez,Esq,,,,,456 Law Plaza,Ste 10,Legal Center,DC,20001,555-9000,2022-09-07,10:00 AM,Federal Building,Rm 302,District City,TX,77002,555-4444,Trustee Tom,789 Trustee Way,,Admin Town,TX,77003,555-8888,TXEB,Eastern District,200 Court St,,Marshall,TX,75670,555-7777,,N,N,Standard,Open,Case Closed,2022-09-07,
1000081,DM,2013-11-14,Mary,P,Brown,570762489,9582 Main St,Apt 849,Los Angeles,WA,66113,New,M1,95,CID-845997,Individual,NOTIF-1081,Bankruptcy,20-54212,13,7,2022-06-01,,Pending,2020-09-18,980189650,Jennifer,L,Brown,,,,,,123 Debtor Lane,,Bankruptcy City,TX,77001,555-0100,,,,,,,,,,,,,,,,Hon. Sarah Justice,N,536981247,Jennifer,E,Garcia,Esq,,,,,456 Law Plaza,Ste 10,Legal Center,DC,20001,555-9000,2020-10-17,10:00 AM,Federal Building,Rm 302,District City,TX,77002,555-4444,Trustee Tom,789 Trustee Way,,Admin Town,TX,77003,555-8888,TXEB,Eastern District,200 Court St,,Marshall,TX,75670,555-7777,,N,N,Standard,Closed,Case Closed,2020-10-17,
1000082,FD,2017-02-15,William,A,Thomas,885028768,3757 Main St,Apt 426,Philadelphia,MA,47326,Existing,M1,98,CID-455095,SME,NOTIF-1082,Bankruptcy,21-13732,7,11,2020-03-21,,Pending,2024-11-12,187547322,Linda,E,Garcia,,,,,,123 Debtor Lane,,Bankruptcy City,TX,77001,555-0100,,,,,,,,,,,,,,,,Hon. Sarah Justice,N,461017427,Jennifer,E,Davis,Esq,,,,,456 Law Plaza,Ste 10,Legal Center,DC,20001,555-9000,2024-01-28,10:00 AM,Federal Building,Rm 302,District City,TX,77002,555-4444,Trustee Tom,789 Trustee Way,,Admin Town,TX,77003,555-8888,TXEB,Eastern District,200 Court St,,Marshall,TX,75670,555-7777,,N,N,Standard,Open,Case in Progress,2024-01-28,
1000083,GECOM,2021-04-24,Mary,T,Davis,398124795,8742 Main St,Suite 121,Philadelphia,WA,31855,Update,M1,89,CID-139686,SME,NOTIF-1083,Bankruptcy,22-87717,7,13,2023-10-08,,Closed,2025-04-07,839062864,Linda,T,Miller,,,,,,123 Debtor Lane,,Bankruptcy City,TX,77001,555-0100,,,,,,,,,,,,,,,,Hon. Sarah Justice,N,741864027,William,A,Thomas,Esq,,,,,456 Law Plaza,Ste 10,Legal Center,DC,20001,555-9000,2024-06-27,10:00 AM,Federal Building,Rm 302,District City,TX,77002,555-4444,Trustee Tom,789 Trustee Way,,Admin Town,TX,77003,555-8888,TXEB,Eastern District,200 Court St,,Marshall,TX,75670,555-7777,,N,N,Standard,Open,Case Dismissed,2024-06-27,
1000084,VP,2022-10-05,William,R,Martinez,135023605,9884 Main St,Apt 947,Dallas,FL,21159,Existing,M1,81,CID-389868,Individual,NOTIF-1084,Bankruptcy,22-86755,11,7,2025-05-23,,Pending,2025-01-15,513648370,Patricia,T,Martinez,,,,,,123 Debtor Lane,,Bankruptcy City,TX,77001,555-0100,,,,,,,,,,,,,,,,Hon. Sarah Justice,N,105941735,Patricia,P,Brown,Esq,,,,,456 Law Plaza,Ste 10,Legal Center,DC,20001,555-9000,2020-03-17,10:00 AM,Federal Building,Rm 302,District City,TX,77002,555-4444,Trustee Tom,789 Trustee Way,,Admin Town,TX,77003,555-8888,TXEB,Eastern District,200 Court St,,Marshall,TX,75670,555-7777,,N,N,Standard,Closed,Case in Progress,2020-03-17,
1000085,DM,2015-11-11,William,E,Miller,934982050,3219 Main St,Apt 173,Dallas,CA,37293,Update,M1,98,CID-997625,Corporate,NOTIF-1085,Bankruptcy,25-32943,7,13,2024-04-10,,Active,2020-04-25,503433252,Patricia,R,Miller,,,,,,123 Debtor Lane,,Bankruptcy City,TX,77001,555-0100,,,,,,,,,,,,,,,,Hon. Sarah Justice,N,932636898,Robert,L,Garcia,Esq,,,,,456 Law Plaza,Ste 10,Legal Center,DC,20001,555-9000,2023-05-22,10:00 AM,Federal Building,Rm 302,District City,TX,77002,555-4444,Trustee Tom,789 Trustee Way,,Admin Town,TX,77003,555-8888,TXEB,Eastern District,200 Court St,,Marshall,TX,75670,555-7777,,N,N,Standard,Closed,Case Closed,2023-05-22,
1000086,FD,2011-01-27,William,A,Smith,810038175,1991 Main St,Suite 211,San Jose,FL,57578,Update,M1,97,CID-916704,Corporate,NOTIF-1086,Bankruptcy,25-98373,11,11,2022-04-12,,Pending,2021-08-29,345594494,Robert,R,Martinez,,,,,,123 Debtor Lane,,Bankruptcy City,TX,77001,555-0100,,,,,,,,,,,,,,,,Hon. Sarah Justice,N,226434301,Patricia,E,Taylor,Esq,,,,,456 Law Plaza,Ste 10,Legal Center,DC,20001,555-9000,2024-07-04,10:00 AM,Federal Building,Rm 302,District City,TX,77002,555-4444,Trustee Tom,789 Trustee Way,,Admin Town,TX,77003,555-8888,TXEB,Eastern District,200 Court St,,Marshall,TX,75670,555-7777,,N,N,Standard,Closed,Case in Progress,2024-07-04,
1000087,GECOM,2014-12-03,Robert,S,Anderson,786887759,4811 Main St,Suite 552,San Diego,AZ,52682,New,M1,90,CID-376296,Individual,NOTIF-1087,Bankruptcy,24-21604,7,11,2020-09-16,,Active,2020-06-08,783834191,Linda,E,Martinez,,,,,,123 Debtor Lane,,Bankruptcy City,TX,77001,555-0100,,,,,,,,,,,,,,,,Hon. Sarah Justice,N,363009294,Mary,J,Martinez,Esq,,,,,456 Law Plaza,Ste 10,Legal Center,DC,20001,555-9000,2024-11-29,10:00 AM,Federal Building,Rm 302,District City,TX,77002,555-4444,Trustee Tom,789 Trustee Way,,Admin Town,TX,77003,555-8888,TXEB,Eastern District,200 Court St,,Marshall,TX,75670,555-7777,,N,N,Standard,Open,Case Dismissed,2024-11-29,
1000088,VP,2012-08-07,Michael,K,Miller,900849335,8009 Main St,Apt 798,Chicago,MA,57163,Existing,M1,84,CID-711353,Individual,NOTIF-1088,Bankruptcy,21-27804,7,7,2020-02-21,,Active,2020-08-12,835851217,Mary,K,Martinez,,,,,,123 Debtor Lane,,Bankruptcy City,TX,77001,555-0100,,,,,,,,,,,,,,,,Hon. Sarah Justice,N,926742433,John,E,Brown,Esq,,,,,456 Law Plaza,Ste 10,Legal Center,DC,20001,555-9000,2023-02-25,10:00 AM,Federal Building,Rm 302,District City,TX,77002,555-4444,Trustee Tom,789 Trustee Way,,Admin Town,TX,77003,555-8888,TXEB,Eastern District,200 Court St,,Marshall,TX,75670,555-7777,,N,N,Standard,Closed,Case Dismissed,2023-02-25,
1000089,DM,2022-05-07,Richard,M,Davis,701502396,1630 Main St,Apt 158,Philadelphia,AZ,38355,Update,M1,86,CID-202455,Individual,NOTIF-1089,Bankruptcy,20-47214,13,7,2023-12-17,,Closed,2025-03-24,473052235,Robert,E,Davis,,,,,,123 Debtor Lane,,Bankruptcy City,TX,77001,555-0100,,,,,,,,,,,,,,,,Hon. Sarah Justice,N,450978514,John,A,Martinez,Esq,,,,,456 Law Plaza,Ste 10,Legal Center,DC,20001,555-9000,2023-05-31,10:00 AM,Federal Building,Rm 302,District City,TX,77002,555-4444,Trustee Tom,789 Trustee Way,,Admin Town,TX,77003,555-8888,TXEB,Eastern District,200 Court St,,Marshall,TX,75670,555-7777,,N,N,Standard,Closed,Case Closed,2023-05-31,
1000090,FD,2011-07-11,Mary,M,Thomas,225503383,7062 Main St,Apt 597,San Antonio,MA,69245,Existing,M1,80,CID-593620,SME,NOTIF-1090,Bankruptcy,22-97990,13,11,2021-06-07,,Pending,2022-12-05,830428217,John,S,Anderson,,,,,,123 Debtor Lane,,Bankruptcy City,TX,77001,555-0100,,,,,,,,,,,,,,,,Hon. Sarah Justice,N,928904683,Robert,T,Miller,Esq,,,,,456 Law Plaza,Ste 10,Legal Center,DC,20001,555-9000,2024-12-11,10:00 AM,Federal Building,Rm 302,District City,TX,77002,555-4444,Trustee Tom,789 Trustee Way,,Admin Town,TX,77003,555-8888,TXEB,Eastern District,200 Court St,,Marshall,TX,75670,555-7777,,N,N,Standard,Open,Case Dismissed,2024-12-11,
1000091,GECOM,2011-09-17,Mary,P,Martinez,839865581,7332 Main St,Suite 690,Los Angeles,MA,64862,Existing,M1,95,CID-774286,Individual,NOTIF-1091,Bankruptcy,24-56304,11,11,2020-07-03,,Closed,2022-09-15,488566044,William,M,Miller,,,,,,123 Debtor Lane,,Bankruptcy City,TX,77001,555-0100,,,,,,,,,,,,,,,,Hon. Sarah Justice,N,199157849,Linda,J,Davis,Esq,,,,,456 Law Plaza,Ste 10,Legal Center,DC,20001,555-9000,2024-03-30,10:00 AM,Federal Building,Rm 302,District City,TX,77002,555-4444,Trustee Tom,789 Trustee Way,,Admin Town,TX,77003,555-8888,TXEB,Eastern District,200 Court St,,Marshall,TX,75670,555-7777,,N,N,Standard,Open,Case in Progress,2024-03-30,
1000092,VP,2012-12-05,William,E,Johnson,386786822,3613 Main St,Apt 244,Los Angeles,PA,27420,New,M1,80,CID-134072,Individual,NOTIF-1092,Bankruptcy,23-25292,11,13,2023-12-14,,Pending,2020-11-18,693253416,Robert,L,Miller,,,,,,123 Debtor Lane,,Bankruptcy City,TX,77001,555-0100,,,,,,,,,,,,,,,,Hon. Sarah Justice,N,972470055,Jane,M,Anderson,Esq,,,,,456 Law Plaza,Ste 10,Legal Center,DC,20001,555-9000,2022-09-01,10:00 AM,Federal Building,Rm 302,District City,TX,77002,555-4444,Trustee Tom,789 Trustee Way,,Admin Town,TX,77003,555-8888,TXEB,Eastern District,200 Court St,,Marshall,TX,75670,555-7777,,N,N,Standard,Open,Case in Progress,2022-09-01,
1000093,DM,2023-04-23,John,E,Thomas,909179214,4438 Main St,Suite 467,New York,CO,92362,New,M1,89,CID-209832,SME,NOTIF-1093,Bankruptcy,22-72182,13,11,2023-12-09,,Active,2021-04-01,390344422,Patricia,A,Johnson,,,,,,123 Debtor Lane,,Bankruptcy City,TX,77001,555-0100,,,,,,,,,,,,,,,,Hon. Sarah Justice,N,181231723,Richard,J,Johnson,Esq,,,,,456 Law Plaza,Ste 10,Legal Center,DC,20001,555-9000,2024-08-21,10:00 AM,Federal Building,Rm 302,District City,TX,77002,555-4444,Trustee Tom,789 Trustee Way,,Admin Town,TX,77003,555-8888,TXEB,Eastern District,200 Court St,,Marshall,TX,75670,555-7777,,N,N,Standard,Closed,Case in Progress,2024-08-21,
1000094,FD,2020-06-20,Jane,E,Smith,777318869,6382 Main St,Apt 243,Dallas,TX,27021,Existing,M1,86,CID-754205,Corporate,NOTIF-1094,Bankruptcy,23-67341,13,13,2024-02-02,,Active,2021-08-14,542344314,Jane,L,Johnson,,,,,,123 Debtor Lane,,Bankruptcy City,TX,77001,555-0100,,,,,,,,,,,,,,,,Hon. Sarah Justice,N,303354582,Robert,K,Davis,Esq,,,,,456 Law Plaza,Ste 10,Legal Center,DC,20001,555-9000,2024-08-04,10:00 AM,Federal Building,Rm 302,District City,TX,77002,555-4444,Trustee Tom,789 Trustee Way,,Admin Town,TX,77003,555-8888,TXEB,Eastern District,200 Court St,,Marshall,TX,75670,555-7777,,N,N,Standard,Closed,Case in Progress,2024-08-04,
1000095,GECOM,2023-01-24,Robert,L,Brown,631364736,5596 Main St,Apt 359,San Antonio,TX,48717,Existing,M1,84,CID-695334,Individual,NOTIF-1095,Bankruptcy,25-77701,7,11,2020-05-28,,Active,2020-06-10,744484913,William,M,Miller,,,,,,123 Debtor Lane,,Bankruptcy City,TX,77001,555-0100,,,,,,,,,,,,,,,,Hon. Sarah Justice,N,893218623,Jane,A,Johnson,Esq,,,,,456 Law Plaza,Ste 10,Legal Center,DC,20001,555-9000,2020-06-01,10:00 AM,Federal Building,Rm 302,District City,TX,77002,555-4444,Trustee Tom,789 Trustee Way,,Admin Town,TX,77003,555-8888,TXEB,Eastern District,200 Court St,,Marshall,TX,75670,555-7777,,N,N,Standard,Closed,Case Closed,2020-06-01,
1000096,VP,2013-09-20,Patricia,P,Johnson,313826251,1046 Main St,Suite 341,Chicago,CO,43123,Existing,M1,90,CID-593502,Corporate,NOTIF-1096,Bankruptcy,23-78551,7,13,2020-02-14,,Pending,2024-01-20,961637653,Richard,L,Johnson,,,,,,123 Debtor Lane,,Bankruptcy City,TX,77001,555-0100,,,,,,,,,,,,,,,,Hon. Sarah Justice,N,368503992,Linda,S,Martinez,Esq,,,,,456 Law Plaza,Ste 10,Legal Center,DC,20001,555-9000,2022-10-08,10:00 AM,Federal Building,Rm 302,District City,TX,77002,555-4444,Trustee Tom,789 Trustee Way,,Admin Town,TX,77003,555-8888,TXEB,Eastern District,200 Court St,,Marshall,TX,75670,555-7777,,N,N,Standard,Closed,Case Dismissed,2022-10-08,
1000097,DM,2016-09-08,William,P,Anderson,121347591,1820 Main St,Apt 245,Chicago,WA,74560,New,M1,97,CID-617340,Individual,NOTIF-1097,Bankruptcy,21-87364,7,11,2021-08-23,,Pending,2021-08-23,528145289,Mary,K,Brown,,,,,,123 Debtor Lane,,Bankruptcy City,TX,77001,555-0100,,,,,,,,,,,,,,,,Hon. Sarah Justice,N,564870631,Michael,K,Johnson,Esq,,,,,456 Law Plaza,Ste 10,Legal Center,DC,20001,555-9000,2021-02-13,10:00 AM,Federal Building,Rm 302,District City,TX,77002,555-4444,Trustee Tom,789 Trustee Way,,Admin Town,TX,77003,555-8888,TXEB,Eastern District,200 Court St,,Marshall,TX,75670,555-7777,,N,N,Standard,Open,Case Dismissed,2021-02-13,
1000098,FD,2019-04-08,Richard,T,Anderson,414672378,7196 Main St,Apt 152,New York,FL,81500,Update,M1,84,CID-933089,Individual,NOTIF-1098,Bankruptcy,21-19917,13,11,2020-03-28,,Active,2023-08-29,189062270,William,E,Thomas,,,,,,123 Debtor Lane,,Bankruptcy City,TX,77001,555-0100,,,,,,,,,,,,,,,,Hon. Sarah Justice,N,705379654,Richard,E,Anderson,Esq,,,,,456 Law Plaza,Ste 10,Legal Center,DC,20001,555-9000,2022-10-13,10:00 AM,Federal Building,Rm 302,District City,TX,77002,555-4444,Trustee Tom,789 Trustee Way,,Admin Town,TX,77003,555-8888,TXEB,Eastern District,200 Court St,,Marshall,TX,75670,555-7777,,N,N,Standard,Closed,Case Closed,2022-10-13,
1000099,GECOM,2018-03-19,John,L,Brown,920151745,9192 Main St,Suite 282,San Jose,CO,81945,Update,M1,89,CID-106752,SME,NOTIF-1099,Bankruptcy,25-77761,11,7,2020-09-01,,Pending,2025-02-08,799000280,Patricia,T,Anderson,,,,,,123 Debtor Lane,,Bankruptcy City,TX,77001,555-0100,,,,,,,,,,,,,,,,Hon. Sarah Justice,N,204020284,Linda,A,Smith,Esq,,,,,456 Law Plaza,Ste 10,Legal Center,DC,20001,555-9000,2020-09-25,10:00 AM,Federal Building,Rm 302,District City,TX,77002,555-4444,Trustee Tom,789 Trustee Way,,Admin Town,TX,77003,555-8888,TXEB,Eastern District,200 Court St,,Marshall,TX,75670,555-7777,,N,N,Standard,Open,Case Closed,2020-09-25,
1000100,VP,2015-10-26,Linda,L,Johnson,589766574,7152 Main St,Apt 432,Los Angeles,WA,52213,Existing,M1,85,CID-617013,SME,NOTIF-1100,Bankruptcy,20-26287,11,7,2023-09-18,,Closed,2024-01-30,367402231,Linda,J,Smith,,,,,,123 Debtor Lane,,Bankruptcy City,TX,77001,555-0100,,,,,,,,,,,,,,,,Hon. Sarah Justice,N,401055171,Robert,T,Martinez,Esq,,,,,456 Law Plaza,Ste 10,Legal Center,DC,20001,555-9000,2020-04-21,10:00 AM,Federal Building,Rm 302,District City,TX,77002,555-4444,Trustee Tom,789 Trustee Way,,Admin Town,TX,77003,555-8888,TXEB,Eastern District,200 Court St,,Marshall,TX,75670,555-7777,,N,N,Standard,Closed,Case Closed,2020-04-21,
1000101,DM,2014-02-27,Jane,P,Johnson,178151811,2855 Main St,Suite 866,Houston,MA,39784,New,M1,95,CID-668531,Corporate,NOTIF-1101,Bankruptcy,21-51922,7,11,2025-02-03,,Active,2020-10-23,629168155,Jennifer,M,Smith,,,,,,123 Debtor Lane,,Bankruptcy City,TX,77001,555-0100,,,,,,,,,,,,,,,,Hon. Sarah Justice,N,857645394,Michael,M,Anderson,Esq,,,,,456 Law Plaza,Ste 10,Legal Center,DC,20001,555-9000,2022-05-06,10:00 AM,Federal Building,Rm 302,District City,TX,77002,555-4444,Trustee Tom,789 Trustee Way,,Admin Town,TX,77003,555-8888,TXEB,Eastern District,200 Court St,,Marshall,TX,75670,555-7777,,N,N,Standard,Closed,Case Dismissed,2022-05-06,
1000102,FD,2010-08-31,William,E,Miller,372591872,5662 Main St,Suite 484,Dallas,FL,41087,Existing,M1,81,CID-530979,SME,NOTIF-1102,Bankruptcy,23-47552,11,13,2024-07-10,,Closed,2024-10-11,590186388,Linda,A,Garcia,,,,,,123 Debtor Lane,,Bankruptcy City,TX,77001,555-0100,,,,,,,,,,,,,,,,Hon. Sarah Justice,N,711007729,Robert,L,Miller,Esq,,,,,456 Law Plaza,Ste 10,Legal Center,DC,20001,555-9000,2020-05-02,10:00 AM,Federal Building,Rm 302,District City,TX,77002,555-4444,Trustee Tom,789 Trustee Way,,Admin Town,TX,77003,555-8888,TXEB,Eastern District,200 Court St,,Marshall,TX,75670,555-7777,,N,N,Standard,Closed,Case Closed,2020-05-02,
1000103,GECOM,2011-04-21,Linda,L,Garcia,143956247,8342 Main St,Suite 496,San Jose,NY,97195,Update,M1,94,CID-614749,SME,NOTIF-1103,Bankruptcy,22-13055,13,11,2023-03-06,,Active,2025-04-03,729605998,Mary,T,Miller,,,,,,123 Debtor Lane,,Bankruptcy City,TX,77001,555-0100,,,,,,,,,,,,,,,,Hon. Sarah Justice,N,651565928,Linda,L,Garcia,Esq,,,,,456 Law Plaza,Ste 10,Legal Center,DC,20001,555-9000,2022-02-07,10:00 AM,Federal Building,Rm 302,District City,TX,77002,555-4444,Trustee Tom,789 Trustee Way,,Admin Town,TX,77003,555-8888,TXEB,Eastern District,200 Court St,,Marshall,TX,75670,555-7777,,N,N,Standard,Closed,Case in Progress,2022-02-07,
1000104,VP,2014-12-25,Robert,E,Davis,890687018,5214 Main St,Suite 142,San Antonio,MA,87154,Update,M1,85,CID-595027,Corporate,NOTIF-1104,Bankruptcy,25-70361,13,13,2021-04-02,,Closed,2020-04-19,478967811,Jane,R,Johnson,,,,,,123 Debtor Lane,,Bankruptcy City,TX,77001,555-0100,,,,,,,,,,,,,,,,Hon. Sarah Justice,N,583102701,John,P,Thomas,Esq,,,,,456 Law Plaza,Ste 10,Legal Center,DC,20001,555-9000,2023-09-08,10:00 AM,Federal Building,Rm 302,District City,TX,77002,555-4444,Trustee Tom,789 Trustee Way,,Admin Town,TX,77003,555-8888,TXEB,Eastern District,200 Court St,,Marshall,TX,75670,555-7777,,N,N,Standard,Open,Case in Progress,2023-09-08,
1000105,DM,2013-12-24,William,T,Brown,877479963,3514 Main St,Apt 882,Philadelphia,NY,38424,Update,M1,84,CID-812070,Individual,NOTIF-1105,Bankruptcy,25-35492,7,11,2020-08-22,,Pending,2021-06-06,317210004,Jane,A,Johnson,,,,,,123 Debtor Lane,,Bankruptcy City,TX,77001,555-0100,,,,,,,,,,,,,,,,Hon. Sarah Justice,N,143235580,Jennifer,K,Brown,Esq,,,,,456 Law Plaza,Ste 10,Legal Center,DC,20001,555-9000,2024-01-11,10:00 AM,Federal Building,Rm 302,District City,TX,77002,555-4444,Trustee Tom,789 Trustee Way,,Admin Town,TX,77003,555-8888,TXEB,Eastern District,200 Court St,,Marshall,TX,75670,555-7777,,N,N,Standard,Open,Case Dismissed,2024-01-11,
1000106,FD,2010-11-24,John,S,Martinez,490170780,5190 Main St,Suite 769,Dallas,PA,70602,Update,M1,81,CID-620476,SME,NOTIF-1106,Bankruptcy,21-59621,13,13,2022-11-11,,Pending,2024-01-26,353795456,Jennifer,K,Miller,,,,,,123 Debtor Lane,,Bankruptcy City,TX,77001,555-0100,,,,,,,,,,,,,,,,Hon. Sarah Justice,N,394701643,Jennifer,K,Davis,Esq,,,,,456 Law Plaza,Ste 10,Legal Center,DC,20001,555-9000,2022-03-27,10:00 AM,Federal Building,Rm 302,District City,TX,77002,555-4444,Trustee Tom,789 Trustee Way,,Admin Town,TX,77003,555-8888,TXEB,Eastern District,200 Court St,,Marshall,TX,75670,555-7777,,N,N,Standard,Open,Case Closed,2022-03-27,
1000107,GECOM,2015-01-17,Robert,E,Thomas,926997928,2155 Main St,Apt 320,Dallas,AZ,56225,Update,M1,93,CID-685640,Individual,NOTIF-1107,Bankruptcy,21-39070,11,11,2020-03-25,,Active,2020-02-29,866337717,Jennifer,R,Martinez,,,,,,123 Debtor Lane,,Bankruptcy City,TX,77001,555-0100,,,,,,,,,,,,,,,,Hon. Sarah Justice,N,438765728,Patricia,L,Smith,Esq,,,,,456 Law Plaza,Ste 10,Legal Center,DC,20001,555-9000,2022-08-18,10:00 AM,Federal Building,Rm 302,District City,TX,77002,555-4444,Trustee Tom,789 Trustee Way,,Admin Town,TX,77003,555-8888,TXEB,Eastern District,200 Court St,,Marshall,TX,75670,555-7777,,N,N,Standard,Open,Case in Progress,2022-08-18,
1000108,VP,2022-10-14,Richard,M,Smith,805695241,6694 Main St,Apt 621,New York,FL,12177,New,M1,94,CID-945381,Corporate,NOTIF-1108,Bankruptcy,23-53840,13,11,2021-12-16,,Pending,2020-07-18,427469197,Robert,M,Thomas,,,,,,123 Debtor Lane,,Bankruptcy City,TX,77001,555-0100,,,,,,,,,,,,,,,,Hon. Sarah Justice,N,768011469,John,M,Taylor,Esq,,,,,456 Law Plaza,Ste 10,Legal Center,DC,20001,555-9000,2025-02-16,10:00 AM,Federal Building,Rm 302,District City,TX,77002,555-4444,Trustee Tom,789 Trustee Way,,Admin Town,TX,77003,555-8888,TXEB,Eastern District,200 Court St,,Marshall,TX,75670,555-7777,,N,N,Standard,Closed,Case Closed,2025-02-16,
1000109,DM,2018-01-26,Jane,L,Anderson,344132888,5446 Main St,Apt 320,San Jose,FL,12893,New,M1,81,CID-168100,Corporate,NOTIF-1109,Bankruptcy,24-52769,11,13,2022-07-28,,Active,2022-06-29,432835761,Jennifer,R,Anderson,,,,,,123 Debtor Lane,,Bankruptcy City,TX,77001,555-0100,,,,,,,,,,,,,,,,Hon. Sarah Justice,N,601792693,Richard,J,Miller,Esq,,,,,456 Law Plaza,Ste 10,Legal Center,DC,20001,555-9000,2020-08-14,10:00 AM,Federal Building,Rm 302,District City,TX,77002,555-4444,Trustee Tom,789 Trustee Way,,Admin Town,TX,77003,555-8888,TXEB,Eastern District,200 Court St,,Marshall,TX,75670,555-7777,,N,N,Standard,Open,Case in Progress,2020-08-14,
1000110,FD,2019-09-13,Richard,J,Davis,461895719,5195 Main St,Suite 424,Houston,PA,11692,Existing,M1,93,CID-446573,Individual,NOTIF-1110,Bankruptcy,25-70937,7,13,2024-04-27,,Closed,2025-04-10,166408464,Jennifer,M,Thomas,,,,,,123 Debtor Lane,,Bankruptcy City,TX,77001,555-0100,,,,,,,,,,,,,,,,Hon. Sarah Justice,N,561441566,Richard,P,Taylor,Esq,,,,,456 Law Plaza,Ste 10,Legal Center,DC,20001,555-9000,2021-12-26,10:00 AM,Federal Building,Rm 302,District City,TX,77002,555-4444,Trustee Tom,789 Trustee Way,,Admin Town,TX,77003,555-8888,TXEB,Eastern District,200 Court St,,Marshall,TX,75670,555-7777,,N,N,Standard,Open,Case Closed,2021-12-26,
